,date_time,cpu_temp,degreesC,degreesF
1,21 Jan 2019 18:17:10,42.236,(21.625,70.925)
2,21 Jan 2019 18:19:34,41.698,(21.625,70.925)
3,21 Jan 2019 18:26:40,41.698,(21.562,70.8116)
4,21 Jan 2019 18:27:08,42.236,(21.562,70.8116)
5,21 Jan 2019 18:28:09,41.698,(21.562,70.8116)
6,21 Jan 2019 18:29:09,42.236,(21.625,70.925)
7,21 Jan 2019 18:29:20,42.236,(21.562,70.8116)
8,21 Jan 2019 18:30:11,42.236,(21.625,70.925)
9,21 Jan 2019 18:31:09,41.16,(21.562,70.8116)
10,21 Jan 2019 18:32:08,41.16,(21.562,70.8116)
11,21 Jan 2019 18:33:11,41.698,(21.562,70.8116)
12,21 Jan 2019 18:34:00,41.16,(21.625,70.925)
13,21 Jan 2019 18:34:08,41.698,(21.625,70.925)
14,21 Jan 2019 18:35:08,41.16,(21.625,70.925)
15,21 Jan 2019 18:36:11,41.16,(21.625,70.925)
16,21 Jan 2019 18:36:47,41.16,(21.625,70.925)
17,21 Jan 2019 18:37:08,41.698,(21.625,70.925)
18,21 Jan 2019 18:37:50,41.698,(21.625,70.925)
19,21 Jan 2019 18:38:08,41.698,(21.625,70.925)
20,21 Jan 2019 18:39:08,41.16,(21.625,70.925)
21,21 Jan 2019 18:40:09,42.236,(21.625,70.925)
22,21 Jan 2019 18:40:58,40.622,(21.625,70.925)
23,21 Jan 2019 18:41:08,42.236,(21.625,70.925)
24,21 Jan 2019 18:42:09,41.16,(21.687,71.0366)
25,21 Jan 2019 18:43:08,41.16,(21.75,71.15)
26,21 Jan 2019 18:44:09,41.16,(21.75,71.15)
27,21 Jan 2019 18:45:10,42.236,(21.75,71.15)
28,21 Jan 2019 18:46:09,41.698,(21.812,71.2616)
29,21 Jan 2019 18:47:10,42.774,(21.812,71.2616)
30,21 Jan 2019 18:48:16,42.774,(21.875,71.375)
31,21 Jan 2019 18:48:16,42.236,(21.875,71.375)
32,21 Jan 2019 18:49:08,42.236,(21.875,71.375)
33,21 Jan 2019 18:50:09,41.16,(21.937,71.48660000000001)
34,21 Jan 2019 18:51:00,42.236,(21.937,71.48660000000001)
35,21 Jan 2019 18:51:09,42.774,(21.937,71.48660000000001)
36,21 Jan 2019 18:52:08,41.698,(22.0,71.6)
37,21 Jan 2019 18:53:09,42.236,(22.0,71.6)
38,21 Jan 2019 18:54:08,42.236,(22.062,71.7116)
39,21 Jan 2019 18:56:08,41.16,(22.125,71.825)
40,21 Jan 2019 18:57:08,41.16,(22.125,71.825)
41,21 Jan 2019 18:58:08,41.698,(22.187,71.9366)
42,21 Jan 2019 18:59:08,41.16,(22.125,71.825)
43,21 Jan 2019 20:00:07,35.78,(22.562,72.61160000000001)
44,21 Jan 2019 20:01:07,36.856,(22.5,72.5)
45,21 Jan 2019 20:02:07,36.318,(22.5,72.5)
46,21 Jan 2019 20:03:08,36.318,(22.5,72.5)
47,21 Jan 2019 20:04:07,36.856,(22.437,72.3866)
48,21 Jan 2019 20:05:07,36.318,(22.437,72.3866)
49,21 Jan 2019 20:06:07,36.318,(22.437,72.3866)
50,21 Jan 2019 20:07:08,36.318,(22.437,72.3866)
51,21 Jan 2019 20:08:07,36.318,(22.375,72.275)
52,21 Jan 2019 20:09:07,35.78,(22.375,72.275)
53,21 Jan 2019 20:10:07,36.318,(22.375,72.275)
54,21 Jan 2019 20:11:07,36.318,(22.312,72.1616)
55,21 Jan 2019 20:12:07,36.856,(22.312,72.1616)
56,21 Jan 2019 20:13:07,35.78,(22.312,72.1616)
57,21 Jan 2019 20:14:07,36.318,(22.25,72.05)
58,21 Jan 2019 20:15:07,36.856,(22.25,72.05)
59,21 Jan 2019 20:16:07,36.318,(22.25,72.05)
60,21 Jan 2019 20:17:07,36.856,(22.25,72.05)
61,21 Jan 2019 20:18:07,35.78,(22.187,71.9366)
62,21 Jan 2019 20:19:07,36.856,(22.187,71.9366)
63,21 Jan 2019 20:20:08,36.318,(22.125,71.825)
64,21 Jan 2019 20:21:07,36.318,(22.125,71.825)
65,21 Jan 2019 20:22:07,36.318,(22.125,71.825)
66,21 Jan 2019 20:23:07,36.856,(22.125,71.825)
67,21 Jan 2019 20:24:07,36.318,(22.062,71.7116)
68,21 Jan 2019 20:25:07,35.78,(22.062,71.7116)
69,21 Jan 2019 20:26:07,36.318,(22.062,71.7116)
70,21 Jan 2019 20:27:07,36.856,(22.062,71.7116)
71,21 Jan 2019 20:28:07,36.856,(22.062,71.7116)
72,21 Jan 2019 20:29:07,35.78,(22.0,71.6)
73,21 Jan 2019 20:30:07,36.318,(22.0,71.6)
74,21 Jan 2019 20:31:07,36.318,(22.0,71.6)
75,21 Jan 2019 20:32:07,36.856,(21.937,71.48660000000001)
76,21 Jan 2019 20:33:07,36.856,(21.937,71.48660000000001)
77,21 Jan 2019 20:34:07,35.78,(21.937,71.48660000000001)
78,21 Jan 2019 20:35:07,35.78,(21.937,71.48660000000001)
79,21 Jan 2019 20:36:08,36.318,(21.875,71.375)
80,21 Jan 2019 20:37:07,35.78,(21.875,71.375)
81,21 Jan 2019 20:38:07,35.78,(21.875,71.375)
82,21 Jan 2019 20:39:07,35.78,(21.812,71.2616)
83,21 Jan 2019 20:40:07,36.318,(21.812,71.2616)
84,21 Jan 2019 20:41:08,36.318,(21.812,71.2616)
85,21 Jan 2019 20:42:07,36.318,(21.812,71.2616)
86,21 Jan 2019 20:43:07,35.78,(21.75,71.15)
87,21 Jan 2019 20:44:07,35.78,(21.75,71.15)
88,21 Jan 2019 20:45:07,35.78,(21.75,71.15)
89,21 Jan 2019 20:46:07,35.78,(21.75,71.15)
90,21 Jan 2019 20:47:07,35.78,(21.687,71.0366)
91,21 Jan 2019 20:48:08,35.78,(21.687,71.0366)
92,21 Jan 2019 20:49:07,35.78,(21.687,71.0366)
93,21 Jan 2019 20:50:07,35.78,(21.625,70.925)
94,21 Jan 2019 20:51:08,35.78,(21.625,70.925)
95,21 Jan 2019 20:52:07,36.318,(21.625,70.925)
96,21 Jan 2019 20:53:07,36.318,(21.625,70.925)
97,21 Jan 2019 20:54:07,35.78,(21.562,70.8116)
98,21 Jan 2019 20:55:07,36.318,(21.562,70.8116)
99,21 Jan 2019 20:56:07,36.318,(21.562,70.8116)
100,21 Jan 2019 20:57:07,35.78,(21.5,70.7)
101,21 Jan 2019 20:58:07,35.78,(21.5,70.7)
102,21 Jan 2019 20:59:07,35.78,(21.5,70.7)
103,21 Jan 2019 22:00:07,34.166,(20.375,68.675)
104,21 Jan 2019 22:01:07,34.166,(20.375,68.675)
105,21 Jan 2019 22:02:07,33.628,(20.312,68.5616)
106,21 Jan 2019 22:03:07,34.166,(20.312,68.5616)
107,21 Jan 2019 22:04:07,34.166,(20.312,68.5616)
108,21 Jan 2019 22:05:07,34.704,(20.25,68.45)
109,21 Jan 2019 22:06:07,34.704,(20.25,68.45)
110,21 Jan 2019 22:07:08,33.628,(20.187,68.3366)
111,21 Jan 2019 22:08:07,34.166,(20.187,68.3366)
112,21 Jan 2019 22:09:07,34.166,(20.187,68.3366)
113,21 Jan 2019 22:10:07,34.166,(20.187,68.3366)
114,21 Jan 2019 22:11:07,34.166,(20.125,68.225)
115,21 Jan 2019 22:12:07,34.166,(20.125,68.225)
116,21 Jan 2019 22:13:07,34.166,(20.125,68.225)
117,21 Jan 2019 22:14:08,34.166,(20.125,68.225)
118,21 Jan 2019 22:15:07,34.704,(20.125,68.225)
119,21 Jan 2019 22:16:07,34.166,(20.125,68.225)
120,21 Jan 2019 22:17:07,34.704,(20.125,68.225)
121,21 Jan 2019 22:18:07,34.704,(20.125,68.225)
122,21 Jan 2019 22:19:07,34.704,(20.125,68.225)
123,21 Jan 2019 22:20:08,34.704,(20.062,68.11160000000001)
124,21 Jan 2019 22:21:07,34.704,(20.062,68.11160000000001)
125,21 Jan 2019 22:22:07,34.166,(20.062,68.11160000000001)
126,21 Jan 2019 22:23:07,34.704,(20.062,68.11160000000001)
127,21 Jan 2019 22:24:07,34.166,(20.0,68.0)
128,21 Jan 2019 22:25:07,34.166,(20.0,68.0)
129,21 Jan 2019 22:26:07,34.704,(20.0,68.0)
130,21 Jan 2019 22:27:08,34.704,(20.0,68.0)
131,21 Jan 2019 22:28:07,34.166,(20.0,68.0)
132,21 Jan 2019 22:29:07,34.166,(19.937,67.8866)
133,21 Jan 2019 22:30:08,34.704,(19.937,67.8866)
134,21 Jan 2019 22:31:07,34.704,(19.937,67.8866)
135,21 Jan 2019 22:32:07,34.166,(19.937,67.8866)
136,21 Jan 2019 22:33:08,34.166,(19.875,67.775)
137,21 Jan 2019 22:34:07,34.704,(19.875,67.775)
138,21 Jan 2019 22:35:07,34.166,(19.875,67.775)
139,21 Jan 2019 22:36:07,34.704,(19.875,67.775)
140,21 Jan 2019 22:37:08,34.704,(19.875,67.775)
141,21 Jan 2019 22:38:07,34.166,(19.812,67.6616)
142,21 Jan 2019 22:39:07,34.704,(19.812,67.6616)
143,21 Jan 2019 22:40:08,34.704,(19.812,67.6616)
144,21 Jan 2019 22:41:07,33.628,(19.812,67.6616)
145,21 Jan 2019 22:42:07,34.166,(19.75,67.55)
146,21 Jan 2019 22:43:07,34.166,(19.75,67.55)
147,21 Jan 2019 22:44:08,34.166,(19.75,67.55)
148,21 Jan 2019 22:45:08,34.166,(19.75,67.55)
149,21 Jan 2019 22:46:08,33.628,(19.687,67.4366)
150,21 Jan 2019 22:47:07,33.628,(19.687,67.4366)
151,21 Jan 2019 22:48:07,33.628,(19.687,67.4366)
152,21 Jan 2019 22:49:07,33.628,(19.625,67.325)
153,21 Jan 2019 22:50:07,34.166,(19.625,67.325)
154,21 Jan 2019 22:51:08,33.628,(19.625,67.325)
155,21 Jan 2019 22:52:08,33.628,(19.625,67.325)
156,21 Jan 2019 22:53:07,34.166,(19.562,67.2116)
157,21 Jan 2019 22:54:07,34.166,(19.562,67.2116)
158,21 Jan 2019 22:55:07,34.166,(19.562,67.2116)
159,21 Jan 2019 22:56:07,33.628,(19.5,67.1)
160,21 Jan 2019 22:57:07,33.628,(19.5,67.1)
161,21 Jan 2019 22:58:07,34.704,(19.5,67.1)
162,21 Jan 2019 22:59:07,33.628,(19.5,67.1)
163,22 Jan 2019 00:00:07,32.014,(18.5,65.3)
164,22 Jan 2019 00:01:07,32.552,(18.5,65.3)
165,22 Jan 2019 00:02:07,32.014,(18.5,65.3)
166,22 Jan 2019 00:03:08,32.552,(18.5,65.3)
167,22 Jan 2019 00:04:08,32.014,(18.5,65.3)
168,22 Jan 2019 00:05:08,33.09,(18.5,65.3)
169,22 Jan 2019 00:06:07,32.552,(18.5,65.3)
170,22 Jan 2019 00:07:07,32.014,(18.5,65.3)
171,22 Jan 2019 00:08:07,32.552,(18.562,65.4116)
172,22 Jan 2019 00:09:07,32.552,(18.562,65.4116)
173,22 Jan 2019 00:10:08,32.552,(18.562,65.4116)
174,22 Jan 2019 00:11:07,32.552,(18.562,65.4116)
175,22 Jan 2019 00:12:07,32.552,(18.562,65.4116)
176,22 Jan 2019 00:13:07,33.09,(18.562,65.4116)
177,22 Jan 2019 00:14:07,33.09,(18.625,65.525)
178,22 Jan 2019 00:15:07,32.552,(18.625,65.525)
179,22 Jan 2019 00:16:08,33.09,(18.562,65.4116)
180,22 Jan 2019 00:17:07,32.552,(18.625,65.525)
181,22 Jan 2019 00:18:07,33.628,(18.625,65.525)
182,22 Jan 2019 00:19:07,33.09,(18.625,65.525)
183,22 Jan 2019 00:20:07,32.552,(18.625,65.525)
184,22 Jan 2019 00:21:07,33.628,(18.625,65.525)
185,22 Jan 2019 00:22:07,32.552,(18.687,65.6366)
186,22 Jan 2019 00:23:07,33.628,(18.687,65.6366)
187,22 Jan 2019 00:24:08,32.552,(18.687,65.6366)
188,22 Jan 2019 00:25:07,33.09,(18.75,65.75)
189,22 Jan 2019 00:26:07,33.09,(18.75,65.75)
190,22 Jan 2019 00:27:07,33.628,(18.75,65.75)
191,22 Jan 2019 00:28:08,33.628,(18.75,65.75)
192,22 Jan 2019 00:29:07,33.628,(18.812,65.86160000000001)
193,22 Jan 2019 00:30:07,33.628,(18.812,65.86160000000001)
194,22 Jan 2019 00:31:07,33.628,(18.812,65.86160000000001)
195,22 Jan 2019 00:32:07,33.628,(18.875,65.975)
196,22 Jan 2019 00:33:07,33.628,(18.875,65.975)
197,22 Jan 2019 00:34:07,33.628,(18.875,65.975)
198,22 Jan 2019 00:35:07,33.628,(18.875,65.975)
199,22 Jan 2019 00:36:07,34.166,(18.937,66.0866)
200,22 Jan 2019 00:37:07,33.628,(18.937,66.0866)
201,22 Jan 2019 00:38:07,33.628,(18.937,66.0866)
202,22 Jan 2019 00:39:07,33.628,(19.0,66.2)
203,22 Jan 2019 00:40:07,33.628,(19.0,66.2)
204,22 Jan 2019 00:41:07,33.628,(19.0,66.2)
205,22 Jan 2019 00:42:07,33.628,(19.062,66.3116)
206,22 Jan 2019 00:43:08,33.628,(19.062,66.3116)
207,22 Jan 2019 00:44:07,33.628,(19.062,66.3116)
208,22 Jan 2019 00:45:08,34.166,(19.125,66.425)
209,22 Jan 2019 00:46:07,34.166,(19.125,66.425)
210,22 Jan 2019 00:47:07,34.166,(19.125,66.425)
211,22 Jan 2019 00:48:07,33.628,(19.187,66.5366)
212,22 Jan 2019 00:49:07,33.628,(19.187,66.5366)
213,22 Jan 2019 00:50:08,34.166,(19.187,66.5366)
214,22 Jan 2019 00:51:08,34.166,(19.25,66.65)
215,22 Jan 2019 00:52:07,33.628,(19.25,66.65)
216,22 Jan 2019 00:53:07,33.628,(19.25,66.65)
217,22 Jan 2019 00:54:07,34.166,(19.25,66.65)
218,22 Jan 2019 00:55:07,33.628,(19.25,66.65)
219,22 Jan 2019 00:56:07,34.166,(19.25,66.65)
220,22 Jan 2019 00:57:07,33.628,(19.312,66.7616)
221,22 Jan 2019 00:58:08,34.704,(19.312,66.7616)
222,22 Jan 2019 00:59:09,35.78,(19.312,66.7616)
223,22 Jan 2019 02:00:07,33.628,(19.187,66.5366)
224,22 Jan 2019 02:01:07,33.09,(19.125,66.425)
225,22 Jan 2019 02:02:07,32.552,(19.125,66.425)
226,22 Jan 2019 02:03:07,33.628,(19.125,66.425)
227,22 Jan 2019 02:04:08,33.09,(19.125,66.425)
228,22 Jan 2019 02:05:07,33.09,(19.125,66.425)
229,22 Jan 2019 02:06:07,33.628,(19.125,66.425)
230,22 Jan 2019 02:07:07,33.628,(19.125,66.425)
231,22 Jan 2019 02:08:07,33.628,(19.062,66.3116)
232,22 Jan 2019 02:09:07,33.628,(19.062,66.3116)
233,22 Jan 2019 02:10:07,34.166,(19.062,66.3116)
234,22 Jan 2019 02:11:07,33.628,(19.062,66.3116)
235,22 Jan 2019 02:12:07,33.628,(19.062,66.3116)
236,22 Jan 2019 02:13:07,33.628,(19.062,66.3116)
237,22 Jan 2019 02:14:08,33.628,(19.0,66.2)
238,22 Jan 2019 02:15:07,33.09,(19.0,66.2)
239,22 Jan 2019 02:16:08,33.628,(19.0,66.2)
240,22 Jan 2019 02:17:07,33.628,(19.0,66.2)
241,22 Jan 2019 02:18:07,33.628,(19.0,66.2)
242,22 Jan 2019 02:19:07,33.628,(19.0,66.2)
243,22 Jan 2019 02:20:07,33.628,(19.0,66.2)
244,22 Jan 2019 02:21:07,33.628,(18.937,66.0866)
245,22 Jan 2019 02:22:07,33.628,(18.937,66.0866)
246,22 Jan 2019 02:23:07,33.628,(18.937,66.0866)
247,22 Jan 2019 02:24:07,33.628,(18.937,66.0866)
248,22 Jan 2019 02:25:07,33.628,(18.937,66.0866)
249,22 Jan 2019 02:26:08,33.09,(18.937,66.0866)
250,22 Jan 2019 02:27:07,33.628,(18.875,65.975)
251,22 Jan 2019 02:28:07,33.09,(18.875,65.975)
252,22 Jan 2019 02:29:07,33.09,(18.875,65.975)
253,22 Jan 2019 02:30:07,33.628,(18.875,65.975)
254,22 Jan 2019 02:31:07,33.628,(18.875,65.975)
255,22 Jan 2019 02:32:07,33.628,(18.875,65.975)
256,22 Jan 2019 02:33:07,33.628,(18.875,65.975)
257,22 Jan 2019 02:34:07,34.166,(18.875,65.975)
258,22 Jan 2019 02:35:08,33.628,(18.875,65.975)
259,22 Jan 2019 02:36:07,33.628,(18.875,65.975)
260,22 Jan 2019 02:37:07,33.628,(18.875,65.975)
261,22 Jan 2019 02:38:07,33.628,(18.937,66.0866)
262,22 Jan 2019 02:39:07,33.628,(18.875,65.975)
263,22 Jan 2019 02:40:07,33.628,(18.937,66.0866)
264,22 Jan 2019 02:41:07,33.628,(18.937,66.0866)
265,22 Jan 2019 02:42:08,34.166,(18.937,66.0866)
266,22 Jan 2019 02:43:07,33.628,(18.937,66.0866)
267,22 Jan 2019 02:44:07,34.166,(18.937,66.0866)
268,22 Jan 2019 02:45:07,33.628,(18.937,66.0866)
269,22 Jan 2019 02:46:08,33.628,(18.937,66.0866)
270,22 Jan 2019 02:47:07,33.628,(19.0,66.2)
271,22 Jan 2019 02:48:07,33.628,(19.0,66.2)
272,22 Jan 2019 02:49:07,33.628,(19.0,66.2)
273,22 Jan 2019 02:50:07,33.628,(19.0,66.2)
274,22 Jan 2019 02:51:07,33.628,(19.062,66.3116)
275,22 Jan 2019 02:52:08,33.628,(19.062,66.3116)
276,22 Jan 2019 02:53:07,33.628,(19.062,66.3116)
277,22 Jan 2019 02:54:07,33.628,(19.062,66.3116)
278,22 Jan 2019 02:55:07,33.628,(19.062,66.3116)
279,22 Jan 2019 02:56:07,33.628,(19.125,66.425)
280,22 Jan 2019 02:57:07,33.628,(19.125,66.425)
281,22 Jan 2019 02:58:07,34.166,(19.125,66.425)
282,22 Jan 2019 02:59:07,33.628,(19.125,66.425)
283,22 Jan 2019 04:00:07,32.552,(19.062,66.3116)
284,22 Jan 2019 04:01:07,33.09,(19.062,66.3116)
285,22 Jan 2019 04:02:07,33.09,(19.062,66.3116)
286,22 Jan 2019 04:03:07,33.09,(19.0,66.2)
287,22 Jan 2019 04:04:08,33.628,(19.062,66.3116)
288,22 Jan 2019 04:05:08,33.628,(19.062,66.3116)
289,22 Jan 2019 04:06:07,33.628,(19.062,66.3116)
290,22 Jan 2019 04:07:08,33.09,(19.062,66.3116)
291,22 Jan 2019 04:08:08,33.628,(19.062,66.3116)
292,22 Jan 2019 04:09:07,33.628,(19.062,66.3116)
293,22 Jan 2019 04:10:08,34.166,(19.062,66.3116)
294,22 Jan 2019 04:11:07,33.628,(19.062,66.3116)
295,22 Jan 2019 04:12:08,33.628,(19.125,66.425)
296,22 Jan 2019 04:13:07,33.628,(19.125,66.425)
297,22 Jan 2019 04:14:07,33.628,(19.125,66.425)
298,22 Jan 2019 04:15:07,33.628,(19.125,66.425)
299,22 Jan 2019 04:16:08,34.166,(19.125,66.425)
300,22 Jan 2019 04:17:07,33.628,(19.125,66.425)
301,22 Jan 2019 04:18:07,33.628,(19.125,66.425)
302,22 Jan 2019 04:19:07,33.628,(19.187,66.5366)
303,22 Jan 2019 04:20:07,34.166,(19.187,66.5366)
304,22 Jan 2019 04:21:07,33.628,(19.25,66.65)
305,22 Jan 2019 04:22:07,33.628,(19.25,66.65)
306,22 Jan 2019 04:23:07,34.166,(19.25,66.65)
307,22 Jan 2019 04:24:07,34.166,(19.25,66.65)
308,22 Jan 2019 04:25:07,34.166,(19.25,66.65)
309,22 Jan 2019 04:26:07,34.166,(19.25,66.65)
310,22 Jan 2019 04:27:07,34.166,(19.25,66.65)
311,22 Jan 2019 04:28:07,33.628,(19.25,66.65)
312,22 Jan 2019 04:29:08,34.166,(19.25,66.65)
313,22 Jan 2019 04:30:08,33.628,(19.312,66.7616)
314,22 Jan 2019 04:31:07,34.166,(19.312,66.7616)
315,22 Jan 2019 04:32:08,33.628,(19.312,66.7616)
316,22 Jan 2019 04:33:07,34.166,(19.312,66.7616)
317,22 Jan 2019 04:34:07,34.166,(19.312,66.7616)
318,22 Jan 2019 04:35:07,34.166,(19.312,66.7616)
319,22 Jan 2019 04:36:07,34.166,(19.312,66.7616)
320,22 Jan 2019 04:37:07,34.166,(19.312,66.7616)
321,22 Jan 2019 04:38:07,33.628,(19.312,66.7616)
322,22 Jan 2019 04:39:07,34.166,(19.312,66.7616)
323,22 Jan 2019 04:40:08,34.166,(19.312,66.7616)
324,22 Jan 2019 04:41:07,33.628,(19.312,66.7616)
325,22 Jan 2019 04:42:07,34.166,(19.375,66.875)
326,22 Jan 2019 04:43:08,34.704,(19.312,66.7616)
327,22 Jan 2019 04:44:08,34.166,(19.375,66.875)
328,22 Jan 2019 04:45:07,34.704,(19.375,66.875)
329,22 Jan 2019 04:46:07,34.166,(19.312,66.7616)
330,22 Jan 2019 04:47:07,34.704,(19.375,66.875)
331,22 Jan 2019 04:48:07,34.166,(19.312,66.7616)
332,22 Jan 2019 04:49:08,34.166,(19.312,66.7616)
333,22 Jan 2019 04:50:07,34.166,(19.312,66.7616)
334,22 Jan 2019 04:51:08,34.704,(19.312,66.7616)
335,22 Jan 2019 04:52:07,34.166,(19.312,66.7616)
336,22 Jan 2019 04:53:07,33.628,(19.312,66.7616)
337,22 Jan 2019 04:54:07,33.628,(19.312,66.7616)
338,22 Jan 2019 04:55:07,33.628,(19.312,66.7616)
339,22 Jan 2019 04:56:07,34.166,(19.312,66.7616)
340,22 Jan 2019 04:57:07,33.628,(19.312,66.7616)
341,22 Jan 2019 04:58:08,34.166,(19.312,66.7616)
342,22 Jan 2019 04:59:07,34.166,(19.312,66.7616)
343,22 Jan 2019 06:00:07,33.628,(19.375,66.875)
344,22 Jan 2019 06:01:08,33.628,(19.375,66.875)
345,22 Jan 2019 06:02:07,33.09,(19.375,66.875)
346,22 Jan 2019 06:03:07,34.166,(19.437,66.98660000000001)
347,22 Jan 2019 06:04:08,33.628,(19.437,66.98660000000001)
348,22 Jan 2019 06:05:07,33.628,(19.437,66.98660000000001)
349,22 Jan 2019 06:06:07,33.628,(19.5,67.1)
350,22 Jan 2019 06:07:07,34.166,(19.5,67.1)
351,22 Jan 2019 06:08:08,34.166,(19.562,67.2116)
352,22 Jan 2019 06:09:08,34.166,(19.562,67.2116)
353,22 Jan 2019 06:10:08,34.166,(19.562,67.2116)
354,22 Jan 2019 06:11:08,34.166,(19.625,67.325)
355,22 Jan 2019 06:12:08,34.166,(19.625,67.325)
356,22 Jan 2019 06:13:08,34.166,(19.625,67.325)
357,22 Jan 2019 06:14:07,34.704,(19.687,67.4366)
358,22 Jan 2019 06:15:08,34.704,(19.687,67.4366)
359,22 Jan 2019 06:16:07,34.704,(19.75,67.55)
360,22 Jan 2019 06:17:07,34.166,(19.75,67.55)
361,22 Jan 2019 06:18:07,34.166,(19.812,67.6616)
362,22 Jan 2019 06:19:07,34.704,(19.812,67.6616)
363,22 Jan 2019 06:20:07,34.704,(19.875,67.775)
364,22 Jan 2019 06:21:08,34.704,(19.875,67.775)
365,22 Jan 2019 06:22:07,34.704,(19.937,67.8866)
366,22 Jan 2019 06:23:07,34.704,(19.937,67.8866)
367,22 Jan 2019 06:24:07,34.704,(20.0,68.0)
368,22 Jan 2019 06:25:11,35.78,(20.0,68.0)
369,22 Jan 2019 06:26:07,35.242,(20.0,68.0)
370,22 Jan 2019 06:27:07,34.704,(20.062,68.11160000000001)
371,22 Jan 2019 06:28:12,35.78,(20.062,68.11160000000001)
372,22 Jan 2019 06:29:07,34.704,(20.125,68.225)
373,22 Jan 2019 06:30:07,35.242,(20.125,68.225)
374,22 Jan 2019 06:31:08,35.242,(20.187,68.3366)
375,22 Jan 2019 06:32:08,34.704,(20.25,68.45)
376,22 Jan 2019 06:33:08,34.704,(20.25,68.45)
377,22 Jan 2019 06:34:08,34.704,(20.25,68.45)
378,22 Jan 2019 06:35:07,35.78,(20.312,68.5616)
379,22 Jan 2019 06:36:07,35.242,(20.312,68.5616)
380,22 Jan 2019 06:37:07,35.242,(20.375,68.675)
381,22 Jan 2019 06:38:07,35.242,(20.375,68.675)
382,22 Jan 2019 06:39:08,34.704,(20.437,68.7866)
383,22 Jan 2019 06:40:08,35.242,(20.437,68.7866)
384,22 Jan 2019 06:41:07,35.242,(20.437,68.7866)
385,22 Jan 2019 06:42:07,35.78,(20.5,68.9)
386,22 Jan 2019 06:43:08,34.704,(20.5,68.9)
387,22 Jan 2019 06:44:07,35.242,(20.5,68.9)
388,22 Jan 2019 06:45:08,35.78,(20.562,69.0116)
389,22 Jan 2019 06:46:07,35.242,(20.562,69.0116)
390,22 Jan 2019 06:47:07,34.704,(20.562,69.0116)
391,22 Jan 2019 06:48:07,35.78,(20.562,69.0116)
392,22 Jan 2019 06:49:08,35.242,(20.625,69.125)
393,22 Jan 2019 06:50:07,35.78,(20.625,69.125)
394,22 Jan 2019 06:51:08,35.242,(20.625,69.125)
395,22 Jan 2019 06:52:07,35.78,(20.625,69.125)
396,22 Jan 2019 06:53:07,35.242,(20.625,69.125)
397,22 Jan 2019 06:54:07,35.78,(20.625,69.125)
398,22 Jan 2019 06:55:08,35.78,(20.687,69.23660000000001)
399,22 Jan 2019 06:56:08,35.78,(20.687,69.23660000000001)
400,22 Jan 2019 06:57:07,35.242,(20.687,69.23660000000001)
401,22 Jan 2019 06:58:07,35.78,(20.687,69.23660000000001)
402,22 Jan 2019 06:59:07,35.78,(20.75,69.35)
403,22 Jan 2019 08:00:07,34.704,(20.875,69.575)
404,22 Jan 2019 08:01:07,34.704,(20.875,69.575)
405,22 Jan 2019 08:02:07,34.704,(20.875,69.575)
406,22 Jan 2019 08:03:07,35.78,(20.875,69.575)
407,22 Jan 2019 08:04:08,34.704,(20.875,69.575)
408,22 Jan 2019 08:05:07,34.704,(20.875,69.575)
409,22 Jan 2019 08:06:07,35.242,(20.875,69.575)
410,22 Jan 2019 08:07:07,35.78,(20.875,69.575)
411,22 Jan 2019 08:08:07,34.704,(20.875,69.575)
412,22 Jan 2019 08:09:07,34.704,(20.875,69.575)
413,22 Jan 2019 08:10:07,35.78,(20.875,69.575)
414,22 Jan 2019 08:11:07,35.78,(20.875,69.575)
415,22 Jan 2019 08:12:07,35.242,(20.875,69.575)
416,22 Jan 2019 08:13:08,35.78,(20.875,69.575)
417,22 Jan 2019 08:14:07,35.78,(20.875,69.575)
418,22 Jan 2019 08:15:07,35.78,(20.875,69.575)
419,22 Jan 2019 08:16:07,35.78,(20.875,69.575)
420,22 Jan 2019 08:17:07,35.78,(20.875,69.575)
421,22 Jan 2019 08:18:08,35.78,(20.875,69.575)
422,22 Jan 2019 08:19:07,35.242,(20.875,69.575)
423,22 Jan 2019 08:20:07,35.78,(20.875,69.575)
424,22 Jan 2019 08:21:07,35.78,(20.875,69.575)
425,22 Jan 2019 08:22:07,35.78,(20.875,69.575)
426,22 Jan 2019 08:23:07,35.78,(20.875,69.575)
427,22 Jan 2019 08:24:08,35.78,(20.875,69.575)
428,22 Jan 2019 08:25:08,35.78,(20.875,69.575)
429,22 Jan 2019 08:26:07,35.78,(20.875,69.575)
430,22 Jan 2019 08:27:07,35.78,(20.875,69.575)
431,22 Jan 2019 08:28:08,35.78,(20.875,69.575)
432,22 Jan 2019 08:29:07,35.78,(20.812,69.4616)
433,22 Jan 2019 08:30:07,35.78,(20.812,69.4616)
434,22 Jan 2019 08:31:07,35.78,(20.812,69.4616)
435,22 Jan 2019 08:32:07,35.78,(20.812,69.4616)
436,22 Jan 2019 08:33:07,35.78,(20.812,69.4616)
437,22 Jan 2019 08:34:07,35.78,(20.812,69.4616)
438,22 Jan 2019 08:35:07,35.78,(20.812,69.4616)
439,22 Jan 2019 08:36:07,35.242,(20.812,69.4616)
440,22 Jan 2019 08:37:08,35.78,(20.812,69.4616)
441,22 Jan 2019 08:38:07,35.242,(20.812,69.4616)
442,22 Jan 2019 08:39:07,34.704,(20.75,69.35)
443,22 Jan 2019 08:40:08,35.78,(20.75,69.35)
444,22 Jan 2019 08:41:07,35.242,(20.75,69.35)
445,22 Jan 2019 08:42:08,35.78,(20.75,69.35)
446,22 Jan 2019 08:43:07,35.78,(20.75,69.35)
447,22 Jan 2019 08:44:07,35.242,(20.75,69.35)
448,22 Jan 2019 08:45:07,35.78,(20.75,69.35)
449,22 Jan 2019 08:46:07,35.78,(20.75,69.35)
450,22 Jan 2019 08:47:07,35.242,(20.687,69.23660000000001)
451,22 Jan 2019 08:48:07,35.242,(20.687,69.23660000000001)
452,22 Jan 2019 08:49:07,35.242,(20.687,69.23660000000001)
453,22 Jan 2019 08:50:07,35.242,(20.625,69.125)
454,22 Jan 2019 08:51:07,34.704,(20.687,69.23660000000001)
455,22 Jan 2019 08:52:08,34.704,(20.625,69.125)
456,22 Jan 2019 08:53:07,35.242,(20.625,69.125)
457,22 Jan 2019 08:54:07,35.242,(20.625,69.125)
458,22 Jan 2019 08:55:07,34.704,(20.625,69.125)
459,22 Jan 2019 08:56:07,35.78,(20.625,69.125)
460,22 Jan 2019 08:57:07,35.242,(20.625,69.125)
461,22 Jan 2019 08:58:07,35.78,(20.625,69.125)
462,22 Jan 2019 08:59:07,35.78,(20.562,69.0116)
463,22 Jan 2019 10:00:07,34.704,(20.5,68.9)
464,22 Jan 2019 10:01:08,34.704,(20.5,68.9)
465,22 Jan 2019 10:02:08,34.704,(20.5,68.9)
466,22 Jan 2019 10:03:07,34.704,(20.5,68.9)
467,22 Jan 2019 10:04:07,34.704,(20.5,68.9)
468,22 Jan 2019 10:05:07,34.704,(20.5,68.9)
469,22 Jan 2019 10:06:08,35.242,(20.437,68.7866)
470,22 Jan 2019 10:07:07,34.704,(20.437,68.7866)
471,22 Jan 2019 10:08:07,34.704,(20.437,68.7866)
472,22 Jan 2019 10:09:08,35.242,(20.437,68.7866)
473,22 Jan 2019 10:10:07,34.704,(20.437,68.7866)
474,22 Jan 2019 10:11:07,34.704,(20.437,68.7866)
475,22 Jan 2019 10:12:07,34.704,(20.437,68.7866)
476,22 Jan 2019 10:13:07,34.704,(20.437,68.7866)
477,22 Jan 2019 10:14:07,35.242,(20.437,68.7866)
478,22 Jan 2019 10:15:07,35.242,(20.437,68.7866)
479,22 Jan 2019 10:16:07,34.704,(20.437,68.7866)
480,22 Jan 2019 10:17:08,34.704,(20.375,68.675)
481,22 Jan 2019 10:18:07,34.704,(20.375,68.675)
482,22 Jan 2019 10:19:07,34.704,(20.375,68.675)
483,22 Jan 2019 10:20:07,34.704,(20.375,68.675)
484,22 Jan 2019 10:21:07,34.704,(20.375,68.675)
485,22 Jan 2019 10:22:07,34.704,(20.375,68.675)
486,22 Jan 2019 10:23:07,35.242,(20.375,68.675)
487,22 Jan 2019 10:24:08,34.704,(20.312,68.5616)
488,22 Jan 2019 10:25:07,34.704,(20.312,68.5616)
489,22 Jan 2019 10:26:07,34.704,(20.312,68.5616)
490,22 Jan 2019 10:27:07,35.242,(20.312,68.5616)
491,22 Jan 2019 10:28:07,34.166,(20.312,68.5616)
492,22 Jan 2019 10:29:08,34.704,(20.312,68.5616)
493,22 Jan 2019 10:30:07,34.704,(20.25,68.45)
494,22 Jan 2019 10:31:07,34.704,(20.25,68.45)
495,22 Jan 2019 10:32:07,34.704,(20.25,68.45)
496,22 Jan 2019 10:33:07,34.704,(20.25,68.45)
497,22 Jan 2019 10:34:07,34.704,(20.25,68.45)
498,22 Jan 2019 10:35:07,34.704,(20.25,68.45)
499,22 Jan 2019 10:36:07,35.242,(20.187,68.3366)
500,22 Jan 2019 10:37:07,34.704,(20.187,68.3366)
501,22 Jan 2019 10:38:07,35.242,(20.187,68.3366)
502,22 Jan 2019 10:39:07,34.704,(20.187,68.3366)
503,22 Jan 2019 10:40:07,34.704,(20.125,68.225)
504,22 Jan 2019 10:41:07,35.242,(20.125,68.225)
505,22 Jan 2019 10:42:08,34.704,(20.125,68.225)
506,22 Jan 2019 10:43:08,35.242,(20.125,68.225)
507,22 Jan 2019 10:44:07,34.704,(20.125,68.225)
508,22 Jan 2019 10:45:07,34.704,(20.125,68.225)
509,22 Jan 2019 10:46:07,34.704,(20.062,68.11160000000001)
510,22 Jan 2019 10:47:07,34.704,(20.062,68.11160000000001)
511,22 Jan 2019 10:48:07,34.704,(20.062,68.11160000000001)
512,22 Jan 2019 10:49:08,34.704,(20.062,68.11160000000001)
513,22 Jan 2019 10:50:07,34.704,(20.062,68.11160000000001)
514,22 Jan 2019 10:51:08,35.242,(20.062,68.11160000000001)
515,22 Jan 2019 10:52:07,34.166,(20.062,68.11160000000001)
516,22 Jan 2019 10:53:07,34.704,(20.062,68.11160000000001)
517,22 Jan 2019 10:54:07,34.704,(20.062,68.11160000000001)
518,22 Jan 2019 10:55:07,34.704,(20.062,68.11160000000001)
519,22 Jan 2019 10:56:07,34.704,(20.062,68.11160000000001)
520,22 Jan 2019 10:57:07,34.704,(20.062,68.11160000000001)
521,22 Jan 2019 10:58:08,34.704,(20.062,68.11160000000001)
522,22 Jan 2019 10:59:07,34.704,(20.062,68.11160000000001)
523,22 Jan 2019 12:00:07,34.166,(20.187,68.3366)
524,22 Jan 2019 12:01:07,34.704,(20.187,68.3366)
525,22 Jan 2019 12:02:07,34.166,(20.187,68.3366)
526,22 Jan 2019 12:03:07,34.166,(20.187,68.3366)
527,22 Jan 2019 12:04:07,34.704,(20.187,68.3366)
528,22 Jan 2019 12:05:07,34.704,(20.187,68.3366)
529,22 Jan 2019 12:06:08,34.704,(20.125,68.225)
530,22 Jan 2019 12:07:07,34.704,(20.125,68.225)
531,22 Jan 2019 12:08:07,34.704,(20.125,68.225)
532,22 Jan 2019 12:09:07,34.704,(20.125,68.225)
533,22 Jan 2019 12:10:08,34.704,(20.125,68.225)
534,22 Jan 2019 12:11:08,34.704,(20.125,68.225)
535,22 Jan 2019 12:12:07,34.704,(20.125,68.225)
536,22 Jan 2019 12:13:07,34.166,(20.125,68.225)
537,22 Jan 2019 12:14:08,34.704,(20.062,68.11160000000001)
538,22 Jan 2019 12:15:07,34.704,(20.062,68.11160000000001)
539,22 Jan 2019 12:16:07,34.704,(20.062,68.11160000000001)
540,22 Jan 2019 12:17:08,34.704,(20.062,68.11160000000001)
541,22 Jan 2019 12:18:07,34.704,(20.062,68.11160000000001)
542,22 Jan 2019 12:19:07,34.704,(20.062,68.11160000000001)
543,22 Jan 2019 12:20:07,34.704,(20.062,68.11160000000001)
544,22 Jan 2019 12:21:07,34.704,(20.0,68.0)
545,22 Jan 2019 12:22:08,34.704,(20.0,68.0)
546,22 Jan 2019 12:23:07,34.704,(20.0,68.0)
547,22 Jan 2019 12:24:07,34.704,(20.0,68.0)
548,22 Jan 2019 12:25:07,34.704,(20.0,68.0)
549,22 Jan 2019 12:26:07,34.704,(19.937,67.8866)
550,22 Jan 2019 12:27:07,34.704,(19.937,67.8866)
551,22 Jan 2019 12:28:07,34.704,(19.937,67.8866)
552,22 Jan 2019 12:29:07,34.166,(19.937,67.8866)
553,22 Jan 2019 12:30:08,34.704,(19.937,67.8866)
554,22 Jan 2019 12:31:07,34.704,(19.937,67.8866)
555,22 Jan 2019 12:32:07,34.166,(19.875,67.775)
556,22 Jan 2019 12:33:07,34.166,(19.875,67.775)
557,22 Jan 2019 12:34:07,34.704,(19.875,67.775)
558,22 Jan 2019 12:35:07,34.704,(19.875,67.775)
559,22 Jan 2019 12:36:07,34.704,(19.812,67.6616)
560,22 Jan 2019 12:37:07,34.166,(19.812,67.6616)
561,22 Jan 2019 12:38:08,34.704,(19.812,67.6616)
562,22 Jan 2019 12:39:07,34.704,(19.812,67.6616)
563,22 Jan 2019 12:40:07,34.166,(19.812,67.6616)
564,22 Jan 2019 12:41:07,34.704,(19.75,67.55)
565,22 Jan 2019 12:42:07,34.704,(19.75,67.55)
566,22 Jan 2019 12:43:08,34.166,(19.75,67.55)
567,22 Jan 2019 12:44:07,34.166,(19.75,67.55)
568,22 Jan 2019 12:45:07,34.704,(19.75,67.55)
569,22 Jan 2019 12:46:07,34.704,(19.687,67.4366)
570,22 Jan 2019 12:47:07,34.704,(19.687,67.4366)
571,22 Jan 2019 12:48:07,34.166,(19.687,67.4366)
572,22 Jan 2019 12:49:07,34.704,(19.625,67.325)
573,22 Jan 2019 12:50:08,34.704,(19.625,67.325)
574,22 Jan 2019 12:51:07,34.704,(19.625,67.325)
575,22 Jan 2019 12:52:07,34.166,(19.625,67.325)
576,22 Jan 2019 12:53:08,34.166,(19.625,67.325)
577,22 Jan 2019 12:54:07,34.166,(19.625,67.325)
578,22 Jan 2019 12:55:07,34.166,(19.562,67.2116)
579,22 Jan 2019 12:56:07,34.166,(19.562,67.2116)
580,22 Jan 2019 12:57:07,34.166,(19.562,67.2116)
581,22 Jan 2019 12:58:07,34.166,(19.562,67.2116)
582,22 Jan 2019 12:59:07,34.166,(19.562,67.2116)
583,22 Jan 2019 14:00:07,33.09,(18.625,65.525)
584,22 Jan 2019 14:01:08,32.552,(18.625,65.525)
585,22 Jan 2019 14:02:07,32.552,(18.625,65.525)
586,22 Jan 2019 14:03:08,33.09,(18.562,65.4116)
587,22 Jan 2019 14:04:07,33.09,(18.562,65.4116)
588,22 Jan 2019 14:05:07,32.014,(18.562,65.4116)
589,22 Jan 2019 14:06:08,33.628,(18.562,65.4116)
590,22 Jan 2019 14:07:07,32.552,(18.562,65.4116)
591,22 Jan 2019 14:08:07,32.552,(18.5,65.3)
592,22 Jan 2019 14:09:07,33.09,(18.5,65.3)
593,22 Jan 2019 14:10:08,33.09,(18.5,65.3)
594,22 Jan 2019 14:11:07,33.09,(18.437,65.1866)
595,22 Jan 2019 14:12:07,32.552,(18.437,65.1866)
596,22 Jan 2019 14:13:07,33.09,(18.437,65.1866)
597,22 Jan 2019 14:14:07,32.552,(18.437,65.1866)
598,22 Jan 2019 14:15:08,33.09,(18.437,65.1866)
599,22 Jan 2019 14:16:07,32.552,(18.437,65.1866)
600,22 Jan 2019 14:17:07,32.552,(18.375,65.075)
601,22 Jan 2019 14:18:07,32.552,(18.375,65.075)
602,22 Jan 2019 14:19:08,33.628,(18.375,65.075)
603,22 Jan 2019 14:20:08,34.166,(18.375,65.075)
604,22 Jan 2019 14:21:08,34.166,(18.375,65.075)
605,22 Jan 2019 14:22:08,34.704,(18.375,65.075)
606,22 Jan 2019 14:23:08,34.166,(18.375,65.075)
607,22 Jan 2019 14:24:08,34.704,(18.375,65.075)
608,22 Jan 2019 14:25:08,34.704,(18.375,65.075)
609,22 Jan 2019 14:26:08,34.704,(18.375,65.075)
610,22 Jan 2019 14:27:08,34.704,(18.375,65.075)
611,22 Jan 2019 14:28:09,34.704,(18.437,65.1866)
612,22 Jan 2019 14:29:07,33.628,(18.375,65.075)
613,22 Jan 2019 14:30:07,33.628,(18.437,65.1866)
614,22 Jan 2019 14:31:07,33.09,(18.437,65.1866)
615,22 Jan 2019 14:32:08,33.628,(18.437,65.1866)
616,22 Jan 2019 14:33:07,33.628,(18.437,65.1866)
617,22 Jan 2019 14:34:07,33.628,(18.437,65.1866)
618,22 Jan 2019 14:35:08,33.628,(18.437,65.1866)
619,22 Jan 2019 14:36:07,33.628,(18.437,65.1866)
620,22 Jan 2019 14:37:07,33.628,(18.5,65.3)
621,22 Jan 2019 14:38:07,33.628,(18.5,65.3)
622,22 Jan 2019 14:39:07,33.628,(18.5,65.3)
623,22 Jan 2019 14:40:07,33.628,(18.5,65.3)
624,22 Jan 2019 14:41:08,33.628,(18.5,65.3)
625,22 Jan 2019 14:42:07,33.09,(18.5,65.3)
626,22 Jan 2019 14:43:07,33.628,(18.562,65.4116)
627,22 Jan 2019 14:44:07,33.628,(18.562,65.4116)
628,22 Jan 2019 14:45:07,33.628,(18.562,65.4116)
629,22 Jan 2019 14:46:07,33.628,(18.562,65.4116)
630,22 Jan 2019 14:47:07,33.628,(18.625,65.525)
631,22 Jan 2019 14:48:07,33.628,(18.625,65.525)
632,22 Jan 2019 14:49:08,33.628,(18.625,65.525)
633,22 Jan 2019 14:50:07,33.628,(18.625,65.525)
634,22 Jan 2019 14:51:08,33.628,(18.687,65.6366)
635,22 Jan 2019 14:52:07,34.166,(18.687,65.6366)
636,22 Jan 2019 14:53:07,33.628,(18.687,65.6366)
637,22 Jan 2019 14:54:07,33.628,(18.75,65.75)
638,22 Jan 2019 14:55:08,33.628,(18.75,65.75)
639,22 Jan 2019 14:56:07,33.628,(18.812,65.86160000000001)
640,22 Jan 2019 14:57:07,33.628,(18.812,65.86160000000001)
641,22 Jan 2019 14:58:08,34.166,(18.812,65.86160000000001)
642,22 Jan 2019 14:59:08,33.628,(18.812,65.86160000000001)
643,22 Jan 2019 16:00:07,32.552,(18.875,65.975)
644,22 Jan 2019 16:01:07,32.552,(18.875,65.975)
645,22 Jan 2019 16:02:08,33.628,(18.875,65.975)
646,22 Jan 2019 16:03:08,33.628,(18.875,65.975)
647,22 Jan 2019 16:04:07,32.552,(18.875,65.975)
648,22 Jan 2019 16:05:07,33.09,(18.875,65.975)
649,22 Jan 2019 16:06:08,33.628,(18.875,65.975)
650,22 Jan 2019 16:07:07,33.628,(18.875,65.975)
651,22 Jan 2019 16:08:08,33.628,(18.812,65.86160000000001)
652,22 Jan 2019 16:09:07,33.09,(18.812,65.86160000000001)
653,22 Jan 2019 16:10:07,33.628,(18.812,65.86160000000001)
654,22 Jan 2019 16:11:08,33.628,(18.812,65.86160000000001)
655,22 Jan 2019 16:12:08,33.628,(18.812,65.86160000000001)
656,22 Jan 2019 16:13:07,33.628,(18.812,65.86160000000001)
657,22 Jan 2019 16:14:07,33.628,(18.812,65.86160000000001)
658,22 Jan 2019 16:15:07,33.628,(18.812,65.86160000000001)
659,22 Jan 2019 16:16:07,33.628,(18.75,65.75)
660,22 Jan 2019 16:17:07,33.628,(18.75,65.75)
661,22 Jan 2019 16:18:07,33.628,(18.75,65.75)
662,22 Jan 2019 16:19:07,33.628,(18.75,65.75)
663,22 Jan 2019 16:20:07,33.09,(18.75,65.75)
664,22 Jan 2019 16:21:08,33.628,(18.75,65.75)
665,22 Jan 2019 16:22:07,33.628,(18.687,65.6366)
666,22 Jan 2019 16:23:07,33.628,(18.687,65.6366)
667,22 Jan 2019 16:24:07,33.628,(18.687,65.6366)
668,22 Jan 2019 16:25:07,33.628,(18.687,65.6366)
669,22 Jan 2019 16:26:07,33.628,(18.687,65.6366)
670,22 Jan 2019 16:27:07,33.628,(18.625,65.525)
671,22 Jan 2019 16:28:08,32.552,(18.625,65.525)
672,22 Jan 2019 16:29:07,33.09,(18.625,65.525)
673,22 Jan 2019 16:30:07,33.09,(18.625,65.525)
674,22 Jan 2019 16:31:08,33.628,(18.625,65.525)
675,22 Jan 2019 16:32:07,33.628,(18.625,65.525)
676,22 Jan 2019 16:33:07,32.552,(18.625,65.525)
677,22 Jan 2019 16:34:07,33.628,(18.562,65.4116)
678,22 Jan 2019 16:35:07,33.09,(18.562,65.4116)
679,22 Jan 2019 16:36:07,33.09,(18.562,65.4116)
680,22 Jan 2019 16:37:07,33.628,(18.562,65.4116)
681,22 Jan 2019 16:38:07,33.628,(18.562,65.4116)
682,22 Jan 2019 16:39:07,33.09,(18.562,65.4116)
683,22 Jan 2019 16:40:07,33.09,(18.562,65.4116)
684,22 Jan 2019 16:41:07,32.552,(18.562,65.4116)
685,22 Jan 2019 16:42:07,33.09,(18.562,65.4116)
686,22 Jan 2019 16:43:07,33.628,(18.562,65.4116)
687,22 Jan 2019 16:44:08,33.628,(18.562,65.4116)
688,22 Jan 2019 16:45:07,32.552,(18.562,65.4116)
689,22 Jan 2019 16:46:08,33.09,(18.562,65.4116)
690,22 Jan 2019 16:47:07,33.09,(18.562,65.4116)
691,22 Jan 2019 16:48:07,33.09,(18.562,65.4116)
692,22 Jan 2019 16:49:08,33.628,(18.562,65.4116)
693,22 Jan 2019 16:50:07,33.628,(18.562,65.4116)
694,22 Jan 2019 16:51:07,33.628,(18.562,65.4116)
695,22 Jan 2019 16:52:07,33.628,(18.562,65.4116)
696,22 Jan 2019 16:53:07,33.628,(18.562,65.4116)
697,22 Jan 2019 16:54:08,33.09,(18.562,65.4116)
698,22 Jan 2019 16:55:07,33.09,(18.625,65.525)
699,22 Jan 2019 16:56:07,34.166,(18.625,65.525)
700,22 Jan 2019 16:57:07,33.628,(18.625,65.525)
701,22 Jan 2019 16:58:07,33.628,(18.625,65.525)
702,22 Jan 2019 16:59:08,33.628,(18.625,65.525)
703,22 Jan 2019 18:00:07,33.09,(18.875,65.975)
704,22 Jan 2019 18:01:07,32.552,(18.812,65.86160000000001)
705,22 Jan 2019 18:02:07,33.09,(18.812,65.86160000000001)
706,22 Jan 2019 18:03:08,33.628,(18.812,65.86160000000001)
707,22 Jan 2019 18:04:07,32.552,(18.812,65.86160000000001)
708,22 Jan 2019 18:05:08,33.09,(18.812,65.86160000000001)
709,22 Jan 2019 18:06:07,33.09,(18.812,65.86160000000001)
710,22 Jan 2019 18:07:07,33.628,(18.812,65.86160000000001)
711,22 Jan 2019 18:08:07,33.628,(18.812,65.86160000000001)
712,22 Jan 2019 18:09:07,33.09,(18.812,65.86160000000001)
713,22 Jan 2019 18:10:07,33.628,(18.75,65.75)
714,22 Jan 2019 18:11:07,33.628,(18.75,65.75)
715,22 Jan 2019 18:12:07,33.628,(18.75,65.75)
716,22 Jan 2019 18:13:07,33.628,(18.75,65.75)
717,22 Jan 2019 18:14:07,32.552,(18.75,65.75)
718,22 Jan 2019 18:15:07,33.628,(18.75,65.75)
719,22 Jan 2019 18:16:07,33.628,(18.75,65.75)
720,22 Jan 2019 18:17:07,33.628,(18.75,65.75)
721,22 Jan 2019 18:18:08,33.628,(18.75,65.75)
722,22 Jan 2019 18:19:07,32.552,(18.75,65.75)
723,22 Jan 2019 18:20:07,33.628,(18.75,65.75)
724,22 Jan 2019 18:21:08,33.628,(18.687,65.6366)
725,22 Jan 2019 18:22:07,33.09,(18.687,65.6366)
726,22 Jan 2019 18:23:07,33.628,(18.75,65.75)
727,22 Jan 2019 18:24:07,33.628,(18.687,65.6366)
728,22 Jan 2019 18:25:08,33.628,(18.75,65.75)
729,22 Jan 2019 18:26:07,33.628,(18.75,65.75)
730,22 Jan 2019 18:27:08,33.628,(18.75,65.75)
731,22 Jan 2019 18:28:08,33.628,(18.75,65.75)
732,22 Jan 2019 18:29:08,33.628,(18.75,65.75)
733,22 Jan 2019 18:30:08,33.628,(18.75,65.75)
734,22 Jan 2019 18:31:08,33.628,(18.75,65.75)
735,22 Jan 2019 18:32:07,33.628,(18.75,65.75)
736,22 Jan 2019 18:33:07,33.09,(18.812,65.86160000000001)
737,22 Jan 2019 18:34:08,33.628,(18.812,65.86160000000001)
738,22 Jan 2019 18:35:07,34.166,(18.812,65.86160000000001)
739,22 Jan 2019 18:36:07,33.628,(18.812,65.86160000000001)
740,22 Jan 2019 18:37:07,33.628,(18.812,65.86160000000001)
741,22 Jan 2019 18:38:08,33.628,(18.875,65.975)
742,22 Jan 2019 18:39:07,33.628,(18.875,65.975)
743,22 Jan 2019 18:40:08,33.628,(18.875,65.975)
744,22 Jan 2019 18:41:07,34.166,(18.875,65.975)
745,22 Jan 2019 18:42:07,33.628,(18.875,65.975)
746,22 Jan 2019 18:43:07,33.628,(18.937,66.0866)
747,22 Jan 2019 18:44:08,33.628,(18.937,66.0866)
748,22 Jan 2019 18:45:07,33.628,(18.937,66.0866)
749,22 Jan 2019 18:46:07,33.628,(18.937,66.0866)
750,22 Jan 2019 18:47:07,33.628,(18.937,66.0866)
751,22 Jan 2019 18:48:07,34.166,(18.937,66.0866)
752,22 Jan 2019 18:49:08,33.628,(19.0,66.2)
753,22 Jan 2019 18:50:07,34.166,(19.0,66.2)
754,22 Jan 2019 18:51:08,34.704,(19.0,66.2)
755,22 Jan 2019 18:52:08,35.242,(19.0,66.2)
756,22 Jan 2019 18:53:08,34.704,(19.0,66.2)
757,22 Jan 2019 18:54:08,34.704,(19.0,66.2)
758,22 Jan 2019 18:55:08,35.78,(19.062,66.3116)
759,22 Jan 2019 18:56:08,35.242,(19.062,66.3116)
760,22 Jan 2019 18:57:08,35.78,(19.062,66.3116)
761,22 Jan 2019 18:58:08,35.78,(19.062,66.3116)
762,22 Jan 2019 18:59:09,35.78,(19.062,66.3116)
763,22 Jan 2019 19:10:43,38.47,(19.625,67.325)
764,22 Jan 2019 20:00:07,39.546,(23.125,73.625)
765,22 Jan 2019 21:00:07,37.932,(22.937,73.2866)
766,22 Jan 2019 22:00:07,34.704,(21.125,70.025)
767,22 Jan 2019 23:00:07,33.628,(20.375,68.675)
768,23 Jan 2019 00:00:08,33.628,(19.312,66.7616)
769,23 Jan 2019 01:00:07,32.552,(18.375,65.075)
770,23 Jan 2019 02:00:08,33.628,(18.875,65.975)
771,23 Jan 2019 03:00:08,33.09,(18.562,65.4116)
772,23 Jan 2019 04:00:08,33.09,(18.812,65.86160000000001)
773,23 Jan 2019 05:00:08,33.628,(18.875,65.975)
774,23 Jan 2019 06:00:08,33.09,(19.0,66.2)
775,23 Jan 2019 07:00:07,34.704,(20.562,69.0116)
776,23 Jan 2019 08:00:07,34.704,(20.625,69.125)
777,23 Jan 2019 09:00:07,33.628,(19.875,67.775)
778,23 Jan 2019 10:00:07,34.704,(20.25,68.45)
779,23 Jan 2019 11:00:07,34.166,(20.125,68.225)
780,23 Jan 2019 12:00:07,34.166,(19.812,67.6616)
781,23 Jan 2019 13:00:08,34.166,(20.312,68.5616)
782,23 Jan 2019 14:00:07,34.166,(19.937,67.8866)
783,23 Jan 2019 15:00:07,34.704,(20.25,68.45)
784,23 Jan 2019 16:00:08,34.166,(20.437,68.7866)
785,23 Jan 2019 17:00:07,34.704,(19.937,67.8866)
786,23 Jan 2019 18:00:08,35.242,(20.437,68.7866)
787,23 Jan 2019 19:00:07,34.166,(20.062,68.11160000000001)
788,23 Jan 2019 20:00:07,33.628,(20.125,68.225)
789,23 Jan 2019 21:00:12,36.856,(20.437,68.7866)
790,23 Jan 2019 22:00:07,35.78,(21.5,70.7)
791,23 Jan 2019 23:00:07,35.78,(21.625,70.925)
792,24 Jan 2019 00:00:08,34.704,(21.0,69.8)
793,24 Jan 2019 01:00:08,34.166,(20.187,68.3366)
794,24 Jan 2019 02:00:08,33.09,(19.312,66.7616)
795,24 Jan 2019 03:00:07,32.552,(18.437,65.1866)
796,24 Jan 2019 04:00:08,31.476,(17.937,64.2866)
797,24 Jan 2019 05:00:08,33.09,(18.562,65.4116)
798,24 Jan 2019 06:00:08,34.704,(19.687,67.4366)
799,24 Jan 2019 07:00:12,35.242,(20.375,68.675)
800,24 Jan 2019 08:00:08,33.628,(19.687,67.4366)
801,24 Jan 2019 09:00:08,34.166,(20.125,68.225)
802,24 Jan 2019 10:00:08,33.628,(19.5,67.1)
803,24 Jan 2019 11:00:09,34.704,(19.687,67.4366)
804,24 Jan 2019 12:00:08,33.628,(19.312,66.7616)
805,24 Jan 2019 13:00:07,32.552,(18.687,65.6366)
806,24 Jan 2019 14:00:08,31.476,(17.687,63.836600000000004)
807,24 Jan 2019 15:00:08,32.552,(18.375,65.075)
808,24 Jan 2019 16:00:08,32.552,(18.312,64.9616)
809,24 Jan 2019 17:00:08,33.09,(18.687,65.6366)
810,24 Jan 2019 18:00:08,34.704,(20.5,68.9)
811,24 Jan 2019 19:00:08,34.704,(20.562,69.0116)
812,24 Jan 2019 20:00:08,35.242,(20.687,69.23660000000001)
813,24 Jan 2019 21:00:07,34.704,(20.75,69.35)
814,24 Jan 2019 22:00:09,34.704,(20.25,68.45)
815,24 Jan 2019 23:00:08,33.628,(19.812,67.6616)
816,25 Jan 2019 00:00:08,32.552,(18.5,65.3)
817,25 Jan 2019 01:00:09,31.476,(17.625,63.725)
818,25 Jan 2019 02:00:09,32.552,(18.312,64.9616)
819,25 Jan 2019 03:00:09,32.014,(17.812,64.0616)
820,25 Jan 2019 04:00:09,32.552,(18.437,65.1866)
821,25 Jan 2019 05:00:09,32.014,(18.0,64.4)
822,25 Jan 2019 06:00:09,33.628,(19.187,66.5366)
823,25 Jan 2019 07:00:08,34.166,(20.062,68.11160000000001)
824,25 Jan 2019 08:00:09,33.628,(19.437,66.98660000000001)
825,25 Jan 2019 09:00:09,34.704,(20.125,68.225)
826,25 Jan 2019 10:00:08,33.628,(19.5,67.1)
827,25 Jan 2019 11:00:08,34.704,(20.187,68.3366)
828,25 Jan 2019 12:00:08,34.166,(19.75,67.55)
829,25 Jan 2019 13:00:09,33.09,(19.062,66.3116)
830,25 Jan 2019 14:00:09,34.704,(20.125,68.225)
831,25 Jan 2019 15:00:08,33.628,(19.875,67.775)
832,25 Jan 2019 16:00:08,32.552,(18.937,66.0866)
833,25 Jan 2019 17:00:08,32.552,(18.0,64.4)
834,25 Jan 2019 18:00:08,32.552,(18.812,65.86160000000001)
835,25 Jan 2019 19:00:08,32.552,(18.437,65.1866)
836,25 Jan 2019 20:00:08,32.552,(18.437,65.1866)
837,25 Jan 2019 21:00:08,33.09,(18.687,65.6366)
838,25 Jan 2019 22:00:09,32.552,(18.062,64.5116)
839,25 Jan 2019 23:00:09,33.628,(18.937,66.0866)
840,26 Jan 2019 00:00:09,33.09,(19.0,66.2)
841,26 Jan 2019 01:00:09,34.704,(20.062,68.11160000000001)
842,26 Jan 2019 02:00:09,33.628,(19.5,67.1)
843,26 Jan 2019 03:00:09,32.552,(18.312,64.9616)
844,26 Jan 2019 04:00:08,32.552,(18.687,65.6366)
845,26 Jan 2019 05:00:09,33.628,(18.75,65.75)
846,26 Jan 2019 06:00:09,34.166,(19.5,67.1)
847,26 Jan 2019 07:00:09,34.704,(20.312,68.5616)
848,26 Jan 2019 08:00:09,33.628,(19.562,67.2116)
849,26 Jan 2019 09:00:09,34.704,(20.375,68.675)
850,26 Jan 2019 10:00:09,34.704,(20.25,68.45)
851,26 Jan 2019 11:00:08,33.628,(19.562,67.2116)
852,26 Jan 2019 12:00:09,34.704,(20.125,68.225)
853,26 Jan 2019 13:00:09,33.628,(19.562,67.2116)
854,26 Jan 2019 14:00:09,34.704,(20.187,68.3366)
855,26 Jan 2019 15:00:09,34.704,(20.375,68.675)
856,26 Jan 2019 16:00:09,33.628,(19.5,67.1)
857,26 Jan 2019 17:00:08,33.628,(19.187,66.5366)
858,26 Jan 2019 18:00:07,35.242,(21.562,70.8116)
859,26 Jan 2019 19:00:09,35.78,(21.062,69.9116)
860,26 Jan 2019 20:00:08,34.166,(20.937,69.6866)
861,26 Jan 2019 21:00:08,34.704,(21.687,71.0366)
862,26 Jan 2019 22:00:09,34.704,(20.625,69.125)
863,26 Jan 2019 23:00:08,33.09,(19.375,66.875)
864,27 Jan 2019 00:00:09,32.552,(18.312,64.9616)
865,27 Jan 2019 01:00:08,33.628,(18.937,66.0866)
866,27 Jan 2019 02:00:09,32.552,(18.312,64.9616)
867,27 Jan 2019 03:00:08,33.09,(18.75,65.75)
868,27 Jan 2019 04:00:09,33.09,(18.625,65.525)
869,27 Jan 2019 05:00:09,32.552,(18.312,64.9616)
870,27 Jan 2019 06:00:08,34.166,(19.687,67.4366)
871,27 Jan 2019 07:00:09,34.704,(20.0,68.0)
872,27 Jan 2019 08:00:09,33.628,(19.437,66.98660000000001)
873,27 Jan 2019 09:00:08,34.704,(20.187,68.3366)
874,27 Jan 2019 10:00:09,33.628,(19.5,67.1)
875,27 Jan 2019 11:00:09,33.628,(19.687,67.4366)
876,27 Jan 2019 12:00:09,34.166,(19.812,67.6616)
877,27 Jan 2019 13:00:09,33.628,(20.0,68.0)
878,27 Jan 2019 14:00:09,34.704,(20.125,68.225)
879,27 Jan 2019 15:00:09,33.628,(19.437,66.98660000000001)
880,27 Jan 2019 16:00:08,34.166,(20.437,68.7866)
881,27 Jan 2019 17:00:08,34.166,(20.187,68.3366)
882,27 Jan 2019 18:00:08,34.704,(21.125,70.025)
883,27 Jan 2019 19:00:08,36.318,(21.937,71.48660000000001)
884,27 Jan 2019 20:00:08,34.704,(21.187,70.1366)
885,27 Jan 2019 21:00:08,34.704,(21.25,70.25)
886,27 Jan 2019 22:00:08,35.78,(22.0,71.6)
887,27 Jan 2019 23:00:10,35.78,(20.312,68.5616)
888,28 Jan 2019 00:00:08,32.552,(18.937,66.0866)
889,28 Jan 2019 01:00:09,32.552,(18.312,64.9616)
890,28 Jan 2019 02:00:08,33.09,(19.062,66.3116)
891,28 Jan 2019 03:00:09,33.628,(18.5,65.3)
892,28 Jan 2019 04:00:09,32.014,(17.812,64.0616)
893,28 Jan 2019 05:00:09,33.09,(18.812,65.86160000000001)
894,28 Jan 2019 06:00:08,34.704,(20.312,68.5616)
895,28 Jan 2019 07:00:08,34.704,(20.0,68.0)
896,28 Jan 2019 08:00:09,34.166,(19.875,67.775)
897,28 Jan 2019 09:00:10,36.318,(20.437,68.7866)
898,28 Jan 2019 10:00:09,34.704,(20.125,68.225)
899,28 Jan 2019 11:00:10,35.242,(20.437,68.7866)
900,28 Jan 2019 12:00:08,34.704,(20.5,68.9)
901,28 Jan 2019 13:00:09,34.166,(20.125,68.225)
902,28 Jan 2019 14:00:09,34.704,(20.625,69.125)
903,28 Jan 2019 15:00:09,34.166,(20.0,68.0)
904,28 Jan 2019 16:00:09,34.704,(20.625,69.125)
905,28 Jan 2019 17:00:08,34.704,(20.812,69.4616)
906,28 Jan 2019 18:00:08,34.704,(20.312,68.5616)
907,28 Jan 2019 19:00:08,35.78,(21.187,70.1366)
908,28 Jan 2019 20:00:09,34.704,(20.875,69.575)
909,28 Jan 2019 21:00:08,33.628,(19.875,67.775)
910,28 Jan 2019 22:00:08,34.166,(19.75,67.55)
911,28 Jan 2019 23:00:08,34.166,(19.812,67.6616)
912,29 Jan 2019 00:00:08,32.552,(18.812,65.86160000000001)
913,29 Jan 2019 01:00:08,31.476,(17.937,64.2866)
914,29 Jan 2019 02:00:09,33.09,(18.562,65.4116)
915,29 Jan 2019 03:00:07,32.014,(18.062,64.5116)
916,29 Jan 2019 04:00:08,32.552,(18.437,65.1866)
917,29 Jan 2019 05:00:07,32.014,(18.437,65.1866)
918,29 Jan 2019 06:00:08,33.628,(19.125,66.425)
919,29 Jan 2019 07:00:07,34.166,(19.812,67.6616)
920,29 Jan 2019 08:00:08,33.628,(20.062,68.11160000000001)
921,29 Jan 2019 09:00:09,36.856,(20.937,69.6866)
922,29 Jan 2019 10:00:07,34.166,(20.875,69.575)
923,29 Jan 2019 11:00:07,34.166,(20.625,69.125)
924,29 Jan 2019 12:00:08,33.628,(20.437,68.7866)
925,29 Jan 2019 13:00:07,35.78,(21.312,70.36160000000001)
926,29 Jan 2019 14:00:08,34.704,(20.5,68.9)
927,29 Jan 2019 15:00:08,34.166,(20.437,68.7866)
928,29 Jan 2019 16:00:07,34.704,(21.437,70.5866)
929,29 Jan 2019 17:00:07,34.704,(21.75,71.15)
930,29 Jan 2019 18:00:08,34.166,(21.312,70.36160000000001)
931,29 Jan 2019 19:00:08,33.628,(20.75,69.35)
932,29 Jan 2019 20:00:07,34.704,(21.5,70.7)
933,29 Jan 2019 21:00:07,33.628,(20.75,69.35)
934,29 Jan 2019 22:00:07,33.628,(20.437,68.7866)
935,29 Jan 2019 23:00:07,34.166,(21.0,69.8)
936,30 Jan 2019 00:00:07,33.628,(20.437,68.7866)
937,30 Jan 2019 01:00:08,34.166,(20.437,68.7866)
938,30 Jan 2019 02:00:08,33.628,(19.375,66.875)
939,30 Jan 2019 03:00:08,33.628,(19.875,67.775)
940,30 Jan 2019 04:00:08,33.628,(19.562,67.2116)
941,30 Jan 2019 05:00:07,33.628,(19.437,66.98660000000001)
942,30 Jan 2019 06:00:07,34.166,(20.0,68.0)
943,30 Jan 2019 07:00:07,32.552,(18.875,65.975)
944,30 Jan 2019 08:00:08,33.09,(19.0,66.2)
945,30 Jan 2019 09:00:07,33.628,(19.375,66.875)
946,30 Jan 2019 10:00:08,34.704,(20.875,69.575)
947,30 Jan 2019 11:00:08,35.78,(21.812,71.2616)
948,30 Jan 2019 12:00:07,35.78,(22.5,72.5)
949,30 Jan 2019 13:00:07,34.704,(21.875,71.375)
950,30 Jan 2019 14:00:07,34.704,(21.687,71.0366)
951,30 Jan 2019 15:00:07,35.78,(21.937,71.48660000000001)
952,30 Jan 2019 16:00:07,34.166,(21.687,71.0366)
953,30 Jan 2019 17:00:07,35.78,(22.125,71.825)
954,30 Jan 2019 18:00:07,34.166,(21.75,71.15)
955,30 Jan 2019 19:00:08,35.78,(22.25,72.05)
956,30 Jan 2019 20:00:07,34.166,(20.562,69.0116)
957,30 Jan 2019 21:00:07,34.166,(19.687,67.4366)
958,30 Jan 2019 22:00:08,34.704,(20.125,68.225)
959,30 Jan 2019 23:00:07,33.628,(10.312,50.5616)
960,31 Jan 2019 00:00:07,34.166,(10.187,50.3366)
961,31 Jan 2019 01:00:07,33.628,(10.0,50.0)
962,31 Jan 2019 02:00:08,34.704,(10.187,50.3366)
963,31 Jan 2019 03:00:07,33.628,(9.687,49.4366)
964,31 Jan 2019 04:00:07,34.166,(9.937,49.8866)
965,31 Jan 2019 05:00:07,34.166,(9.625,49.325)
966,31 Jan 2019 06:00:08,33.628,(9.625,49.325)
967,31 Jan 2019 07:00:07,34.704,(9.75,49.55)
968,31 Jan 2019 08:00:07,33.628,(9.375,48.875)
969,31 Jan 2019 09:00:08,34.704,(9.812,49.6616)
970,31 Jan 2019 10:00:08,34.704,(10.437,50.7866)
971,31 Jan 2019 11:00:07,34.704,(10.062,50.111599999999996)
972,31 Jan 2019 12:00:07,33.628,(9.625,49.325)
973,31 Jan 2019 13:00:08,34.704,(10.062,50.111599999999996)
974,31 Jan 2019 14:00:07,34.704,(10.25,50.45)
975,31 Jan 2019 15:00:08,34.166,(10.25,50.45)
976,31 Jan 2019 16:00:07,34.704,(10.812,51.4616)
977,31 Jan 2019 17:00:08,34.704,(10.875,51.575)
978,31 Jan 2019 18:00:07,34.704,(11.062,51.9116)
979,31 Jan 2019 19:00:08,34.166,(10.75,51.35)
980,31 Jan 2019 20:00:07,34.166,(11.125,52.025)
981,31 Jan 2019 21:00:07,34.704,(11.25,52.25)
982,31 Jan 2019 22:00:08,34.166,(11.125,52.025)
983,31 Jan 2019 23:00:07,34.166,(11.312,52.361599999999996)
984,01 Feb 2019 00:00:07,33.628,(11.25,52.25)
985,01 Feb 2019 01:00:07,34.704,(11.5,52.7)
986,01 Feb 2019 02:00:07,33.09,(11.187,52.1366)
987,01 Feb 2019 03:00:07,34.166,(11.562,52.8116)
988,01 Feb 2019 04:00:07,34.166,(11.562,52.8116)
989,01 Feb 2019 05:00:08,33.628,(11.562,52.8116)
990,01 Feb 2019 06:00:08,34.704,(11.812,53.2616)
991,01 Feb 2019 07:00:12,34.166,(11.687,53.0366)
992,01 Feb 2019 08:00:08,34.166,(11.875,53.375)
993,01 Feb 2019 09:00:07,33.628,(12.0,53.6)
994,01 Feb 2019 10:00:08,33.628,(12.062,53.7116)
995,01 Feb 2019 11:00:07,33.628,(12.125,53.825)
996,01 Feb 2019 12:00:07,34.704,(12.5,54.5)
997,01 Feb 2019 13:00:07,33.628,(12.5,54.5)
998,01 Feb 2019 14:00:07,33.628,(12.625,54.725)
999,01 Feb 2019 15:00:08,35.242,(13.187,55.736599999999996)
1000,01 Feb 2019 16:00:07,34.704,(13.25,55.85)
1001,01 Feb 2019 17:00:08,34.704,(13.375,56.075)
1002,01 Feb 2019 18:00:08,34.704,(13.625,56.525)
1003,01 Feb 2019 19:00:07,34.166,(13.375,56.075)
1004,01 Feb 2019 20:00:07,34.166,(13.562,56.4116)
1005,01 Feb 2019 21:00:08,33.628,(13.375,56.075)
1006,01 Feb 2019 22:00:08,33.628,(14.437,57.986599999999996)
1007,01 Feb 2019 23:00:08,33.628,(14.062,57.3116)
1008,02 Feb 2019 00:00:08,32.552,(13.5,56.3)
1009,02 Feb 2019 01:00:07,31.476,(13.125,55.625)
1010,02 Feb 2019 02:00:09,34.166,(13.687,56.6366)
1011,02 Feb 2019 03:00:07,32.014,(13.375,56.075)
1012,02 Feb 2019 04:00:07,32.552,(13.312,55.9616)
1013,02 Feb 2019 05:00:07,33.09,(13.812,56.861599999999996)
1014,02 Feb 2019 06:00:07,33.09,(14.312,57.7616)
1015,02 Feb 2019 07:00:08,34.704,(14.937,58.8866)
1016,02 Feb 2019 08:00:07,34.704,(14.812,58.6616)
1017,02 Feb 2019 09:00:07,33.628,(14.75,58.55)
1018,02 Feb 2019 10:00:07,34.704,(15.312,59.5616)
1019,02 Feb 2019 11:00:07,35.78,(15.375,59.675)
1020,02 Feb 2019 12:00:07,34.704,(15.375,59.675)
1021,02 Feb 2019 13:00:07,34.166,(15.75,60.35)
1022,02 Feb 2019 14:00:07,34.166,(15.625,60.125)
1023,02 Feb 2019 15:00:07,33.628,(16.062,60.91160000000001)
1024,02 Feb 2019 16:00:07,34.704,(16.687,62.03660000000001)
1025,02 Feb 2019 17:00:07,34.704,(16.875,62.375)
1026,02 Feb 2019 18:00:07,34.166,(16.562,61.811600000000006)
1027,02 Feb 2019 19:00:07,33.628,(16.687,62.03660000000001)
1028,02 Feb 2019 20:00:07,34.704,(16.937,62.4866)
1029,02 Feb 2019 21:00:07,34.704,(17.25,63.05)
1030,02 Feb 2019 22:00:11,34.704,(17.25,63.05)
1031,02 Feb 2019 23:00:07,33.628,(16.875,62.375)
1032,03 Feb 2019 00:00:07,33.628,(16.562,61.811600000000006)
1033,03 Feb 2019 01:00:07,33.09,(16.312,61.3616)
1034,03 Feb 2019 02:00:07,32.552,(16.0,60.8)
1035,03 Feb 2019 03:00:07,32.552,(16.375,61.475)
1036,03 Feb 2019 04:00:08,33.628,(16.625,61.925)
1037,03 Feb 2019 05:00:09,34.704,(16.312,61.3616)
1038,03 Feb 2019 06:00:07,33.628,(16.625,61.925)
1039,03 Feb 2019 07:00:07,35.78,(17.0,62.6)
1040,03 Feb 2019 08:00:07,35.78,(17.5,63.5)
1041,03 Feb 2019 09:00:08,34.704,(17.375,63.275)
1042,03 Feb 2019 10:00:07,34.704,(17.062,62.711600000000004)
1043,03 Feb 2019 11:00:07,34.166,(17.25,63.05)
1044,03 Feb 2019 12:00:08,34.704,(17.5,63.5)
1045,03 Feb 2019 13:00:08,35.78,(17.625,63.725)
1046,03 Feb 2019 14:00:07,34.704,(17.375,63.275)
1047,03 Feb 2019 15:00:07,34.704,(17.125,62.825)
1048,03 Feb 2019 16:00:07,34.704,(16.937,62.4866)
1049,03 Feb 2019 17:00:08,33.628,(16.5,61.7)
1050,03 Feb 2019 18:00:08,33.628,(16.187,61.1366)
1051,03 Feb 2019 19:00:07,34.704,(16.75,62.15)
1052,03 Feb 2019 20:00:07,34.704,(16.812,62.2616)
1053,03 Feb 2019 21:00:07,35.242,(16.812,62.2616)
1054,03 Feb 2019 22:00:07,34.166,(16.75,62.15)
1055,03 Feb 2019 23:00:07,33.628,(16.312,61.3616)
1056,04 Feb 2019 00:00:07,32.552,(15.875,60.575)
1057,04 Feb 2019 01:00:07,32.552,(15.812,60.4616)
1058,04 Feb 2019 02:00:07,33.628,(16.25,61.25)
1059,04 Feb 2019 03:00:07,33.628,(16.0,60.8)
1060,04 Feb 2019 04:00:07,32.552,(15.875,60.575)
1061,04 Feb 2019 05:00:08,32.552,(15.75,60.35)
1062,04 Feb 2019 06:00:07,34.166,(16.437,61.586600000000004)
1063,04 Feb 2019 07:00:07,35.242,(16.687,62.03660000000001)
1064,04 Feb 2019 08:00:07,34.704,(16.562,61.811600000000006)
1065,04 Feb 2019 09:00:08,34.166,(16.187,61.1366)
1066,04 Feb 2019 10:00:07,34.166,(15.75,60.35)
1067,04 Feb 2019 11:00:08,34.704,(15.75,60.35)
1068,04 Feb 2019 12:00:08,33.628,(15.687,60.236599999999996)
1069,04 Feb 2019 13:00:08,33.628,(15.437,59.7866)
1070,04 Feb 2019 14:00:07,31.476,(14.437,57.986599999999996)
1071,04 Feb 2019 15:00:08,33.628,(13.812,56.861599999999996)
1072,04 Feb 2019 16:00:08,32.552,(13.937,57.0866)
1073,04 Feb 2019 17:00:07,31.476,(13.25,55.85)
1074,04 Feb 2019 18:00:07,33.628,(13.875,56.975)
1075,04 Feb 2019 19:00:07,35.242,(14.312,57.7616)
1076,04 Feb 2019 20:00:08,35.242,(14.687,58.4366)
1077,04 Feb 2019 21:00:07,33.628,(15.062,59.111599999999996)
1078,04 Feb 2019 22:00:07,34.166,(13.75,56.75)
1079,04 Feb 2019 23:00:08,34.166,(14.062,57.3116)
1080,05 Feb 2019 00:00:08,32.552,(13.875,56.975)
1081,05 Feb 2019 01:00:08,32.014,(13.562,56.4116)
1082,05 Feb 2019 02:00:07,32.552,(12.5,54.5)
1083,05 Feb 2019 03:00:08,32.552,(12.562,54.611599999999996)
1084,05 Feb 2019 04:00:07,32.552,(12.25,54.05)
1085,05 Feb 2019 05:00:07,32.552,(12.25,54.05)
1086,05 Feb 2019 06:00:07,34.166,(12.75,54.95)
1087,05 Feb 2019 07:00:08,34.704,(13.125,55.625)
1088,05 Feb 2019 08:00:07,34.166,(13.125,55.625)
1089,05 Feb 2019 09:00:08,34.166,(13.25,55.85)
1090,05 Feb 2019 10:00:07,33.628,(13.062,55.5116)
1091,05 Feb 2019 11:00:07,33.628,(13.437,56.1866)
1092,05 Feb 2019 12:00:07,34.166,(13.312,55.9616)
1093,05 Feb 2019 13:00:08,34.166,(13.437,56.1866)
1094,05 Feb 2019 14:00:08,34.166,(13.5,56.3)
1095,05 Feb 2019 15:00:07,33.628,(13.375,56.075)
1096,05 Feb 2019 16:00:07,34.704,(13.937,57.0866)
1097,05 Feb 2019 17:00:07,34.166,(13.437,56.1866)
1098,05 Feb 2019 18:00:07,34.166,(13.75,56.75)
1099,05 Feb 2019 19:00:07,35.242,(13.875,56.975)
1100,05 Feb 2019 20:00:07,35.242,(13.937,57.0866)
1101,05 Feb 2019 21:00:07,34.166,(14.062,57.3116)
1102,05 Feb 2019 22:00:08,34.166,(14.187,57.5366)
1103,05 Feb 2019 23:00:07,33.628,(14.25,57.65)
1104,06 Feb 2019 00:00:07,32.014,(13.437,56.1866)
1105,06 Feb 2019 01:00:07,32.552,(12.937,55.2866)
1106,06 Feb 2019 02:00:07,33.09,(13.0,55.4)
1107,06 Feb 2019 03:00:07,32.552,(12.937,55.2866)
1108,06 Feb 2019 04:00:07,33.628,(13.0,55.4)
1109,06 Feb 2019 05:00:07,33.628,(12.937,55.2866)
1110,06 Feb 2019 06:00:07,33.628,(13.125,55.625)
1111,06 Feb 2019 07:00:08,34.704,(13.812,56.861599999999996)
1112,06 Feb 2019 08:00:08,35.78,(13.875,56.975)
1113,06 Feb 2019 09:00:08,35.78,(13.937,57.0866)
1114,06 Feb 2019 10:00:08,36.318,(14.187,57.5366)
1115,06 Feb 2019 11:00:07,36.318,(14.687,58.4366)
1116,06 Feb 2019 12:00:08,34.704,(14.437,57.986599999999996)
1117,06 Feb 2019 13:00:08,35.78,(14.75,58.55)
1118,06 Feb 2019 14:00:07,35.242,(14.687,58.4366)
1119,06 Feb 2019 15:00:08,35.78,(14.437,57.986599999999996)
1120,06 Feb 2019 16:00:07,36.318,(15.25,59.45)
1121,06 Feb 2019 17:00:08,35.78,(14.812,58.6616)
1122,06 Feb 2019 18:00:07,33.628,(14.125,57.425)
1123,06 Feb 2019 19:00:07,34.166,(14.437,57.986599999999996)
1124,06 Feb 2019 20:00:07,35.242,(14.75,58.55)
1125,06 Feb 2019 21:00:07,34.704,(14.562,58.2116)
1126,06 Feb 2019 22:00:07,34.704,(15.062,59.111599999999996)
1127,06 Feb 2019 23:00:08,34.704,(15.25,59.45)
1128,07 Feb 2019 00:00:07,33.628,(14.75,58.55)
1129,07 Feb 2019 01:00:07,32.552,(14.187,57.5366)
1130,07 Feb 2019 02:00:08,32.552,(13.625,56.525)
1131,07 Feb 2019 03:00:07,32.552,(13.062,55.5116)
1132,07 Feb 2019 04:00:07,33.09,(13.187,55.736599999999996)
1133,07 Feb 2019 05:00:08,33.628,(13.187,55.736599999999996)
1134,07 Feb 2019 06:00:07,34.166,(13.875,56.975)
1135,07 Feb 2019 07:00:07,35.78,(14.312,57.7616)
1136,07 Feb 2019 08:00:07,34.704,(14.625,58.325)
1137,07 Feb 2019 09:00:07,33.628,(14.375,57.875)
1138,07 Feb 2019 10:00:07,34.704,(14.5,58.1)
1139,07 Feb 2019 11:00:07,34.704,(14.25,57.65)
1140,07 Feb 2019 12:00:07,34.166,(14.375,57.875)
1141,07 Feb 2019 13:00:08,34.704,(14.437,57.986599999999996)
1142,07 Feb 2019 14:00:07,33.628,(14.125,57.425)
1143,07 Feb 2019 15:00:08,34.704,(14.437,57.986599999999996)
1144,07 Feb 2019 16:00:07,34.704,(14.375,57.875)
1145,07 Feb 2019 17:00:08,33.628,(14.5,58.1)
1146,07 Feb 2019 18:00:07,34.704,(14.062,57.3116)
1147,07 Feb 2019 19:00:07,33.628,(13.937,57.0866)
1148,07 Feb 2019 20:00:07,35.242,(14.312,57.7616)
1149,07 Feb 2019 21:00:07,34.704,(14.812,58.6616)
1150,07 Feb 2019 22:00:07,34.166,(14.375,57.875)
1151,07 Feb 2019 23:00:07,32.552,(13.25,55.85)
1152,08 Feb 2019 00:00:07,31.476,(11.875,53.375)
1153,08 Feb 2019 01:00:07,32.014,(11.062,51.9116)
1154,08 Feb 2019 02:00:07,32.552,(10.75,51.35)
1155,08 Feb 2019 03:00:07,32.014,(10.687,51.236599999999996)
1156,08 Feb 2019 04:00:07,32.014,(10.187,50.3366)
1157,08 Feb 2019 05:00:08,32.552,(10.25,50.45)
1158,08 Feb 2019 06:00:07,34.166,(11.125,52.025)
1159,08 Feb 2019 07:00:07,33.628,(11.062,51.9116)
1160,08 Feb 2019 08:00:07,33.628,(11.0,51.8)
1161,08 Feb 2019 09:00:07,33.628,(10.75,51.35)
1162,08 Feb 2019 10:00:08,34.166,(10.687,51.236599999999996)
1163,08 Feb 2019 11:00:07,33.628,(10.687,51.236599999999996)
1164,08 Feb 2019 12:00:07,33.628,(11.0,51.8)
1165,08 Feb 2019 13:00:07,34.166,(11.25,52.25)
1166,08 Feb 2019 14:00:07,33.09,(11.187,52.1366)
1167,08 Feb 2019 15:00:08,34.704,(11.687,53.0366)
1168,08 Feb 2019 16:00:07,34.166,(11.687,53.0366)
1169,08 Feb 2019 17:00:08,34.166,(11.812,53.2616)
1170,08 Feb 2019 18:00:07,34.166,(11.75,53.15)
1171,08 Feb 2019 19:00:07,34.166,(11.875,53.375)
1172,08 Feb 2019 20:00:07,34.704,(12.0,53.6)
1173,08 Feb 2019 21:00:07,34.704,(11.687,53.0366)
1174,08 Feb 2019 22:00:07,34.166,(11.5,52.7)
1175,08 Feb 2019 23:00:08,33.628,(11.062,51.9116)
1176,09 Feb 2019 00:00:08,33.628,(10.625,51.125)
1177,09 Feb 2019 01:00:08,31.476,(10.062,50.111599999999996)
1178,09 Feb 2019 02:00:07,32.014,(9.937,49.8866)
1179,09 Feb 2019 03:00:07,33.09,(9.5,49.1)
1180,09 Feb 2019 04:00:08,32.552,(9.875,49.775)
1181,09 Feb 2019 05:00:07,32.552,(10.0,50.0)
1182,09 Feb 2019 06:00:08,33.628,(10.5,50.9)
1183,09 Feb 2019 07:00:07,34.704,(10.812,51.4616)
1184,09 Feb 2019 08:00:07,33.628,(10.625,51.125)
1185,09 Feb 2019 09:00:08,34.704,(10.937,51.6866)
1186,09 Feb 2019 10:00:08,33.628,(10.75,51.35)
1187,09 Feb 2019 11:00:07,34.166,(11.0,51.8)
1188,09 Feb 2019 12:00:07,33.628,(10.812,51.4616)
1189,09 Feb 2019 13:00:08,33.628,(10.937,51.6866)
1190,09 Feb 2019 14:00:08,33.628,(11.187,52.1366)
1191,09 Feb 2019 15:00:07,33.628,(11.437,52.5866)
1192,09 Feb 2019 16:00:07,33.628,(11.75,53.15)
1193,09 Feb 2019 17:00:08,34.704,(11.875,53.375)
1194,09 Feb 2019 18:00:07,35.242,(12.375,54.275)
1195,09 Feb 2019 19:00:08,33.628,(12.25,54.05)
1196,09 Feb 2019 20:00:07,34.704,(12.5,54.5)
1197,09 Feb 2019 21:00:07,34.166,(12.375,54.275)
1198,09 Feb 2019 22:00:07,34.166,(12.562,54.611599999999996)
1199,09 Feb 2019 23:00:07,34.166,(12.5,54.5)
1200,10 Feb 2019 00:00:07,32.552,(12.0,53.6)
1201,10 Feb 2019 01:00:07,33.628,(11.875,53.375)
1202,10 Feb 2019 02:00:07,33.628,(12.0,53.6)
1203,10 Feb 2019 03:00:07,32.552,(11.75,53.15)
1204,10 Feb 2019 04:00:07,33.628,(11.937,53.486599999999996)
1205,10 Feb 2019 05:00:08,33.09,(11.812,53.2616)
1206,10 Feb 2019 06:00:07,34.166,(12.062,53.7116)
1207,10 Feb 2019 07:00:07,34.704,(12.562,54.611599999999996)
1208,10 Feb 2019 08:00:07,34.704,(12.625,54.725)
1209,10 Feb 2019 09:00:07,34.166,(12.625,54.725)
1210,10 Feb 2019 10:00:07,34.704,(12.937,55.2866)
1211,10 Feb 2019 11:00:07,33.628,(12.812,55.0616)
1212,10 Feb 2019 12:00:07,34.704,(13.062,55.5116)
1213,10 Feb 2019 13:00:07,34.704,(13.375,56.075)
1214,10 Feb 2019 14:00:08,34.166,(14.062,57.3116)
1215,10 Feb 2019 15:00:08,33.628,(13.625,56.525)
1216,10 Feb 2019 16:00:09,36.318,(13.812,56.861599999999996)
1217,10 Feb 2019 17:00:08,33.628,(13.562,56.4116)
1218,10 Feb 2019 18:00:07,35.242,(13.75,56.75)
1219,10 Feb 2019 19:00:07,35.78,(13.812,56.861599999999996)
1220,10 Feb 2019 20:00:08,34.704,(13.812,56.861599999999996)
1221,10 Feb 2019 21:00:07,35.78,(13.937,57.0866)
1222,10 Feb 2019 22:00:08,34.166,(13.812,56.861599999999996)
1223,10 Feb 2019 23:00:07,34.166,(13.687,56.6366)
1224,11 Feb 2019 00:00:07,33.628,(13.25,55.85)
1225,11 Feb 2019 01:00:08,33.09,(13.187,55.736599999999996)
1226,11 Feb 2019 02:00:08,33.628,(13.125,55.625)
1227,11 Feb 2019 03:00:07,33.09,(13.125,55.625)
1228,11 Feb 2019 04:00:07,33.628,(13.187,55.736599999999996)
1229,11 Feb 2019 05:00:08,33.628,(13.187,55.736599999999996)
1230,11 Feb 2019 06:00:08,34.704,(13.562,56.4116)
1231,11 Feb 2019 07:00:12,36.318,(14.0,57.2)
1232,11 Feb 2019 08:00:07,35.242,(14.25,57.65)
1233,11 Feb 2019 09:00:07,34.166,(14.125,57.425)
1234,11 Feb 2019 10:00:08,34.704,(14.312,57.7616)
1235,11 Feb 2019 11:00:07,34.704,(14.125,57.425)
1236,11 Feb 2019 12:00:07,34.166,(14.187,57.5366)
1237,11 Feb 2019 13:00:07,34.166,(14.062,57.3116)
1238,11 Feb 2019 14:00:07,33.09,(13.812,56.861599999999996)
1239,11 Feb 2019 15:00:07,33.628,(13.625,56.525)
1240,11 Feb 2019 16:00:07,33.09,(13.687,56.6366)
1241,11 Feb 2019 17:00:07,34.704,(14.187,57.5366)
1242,11 Feb 2019 18:00:07,35.242,(14.375,57.875)
1243,11 Feb 2019 19:00:07,34.704,(14.562,58.2116)
1244,11 Feb 2019 20:00:07,35.78,(15.125,59.225)
1245,11 Feb 2019 21:00:08,35.78,(15.25,59.45)
1246,11 Feb 2019 22:00:07,35.242,(15.187,59.3366)
1247,11 Feb 2019 23:00:07,33.628,(15.0,59.0)
1248,12 Feb 2019 00:00:08,33.628,(14.437,57.986599999999996)
1249,12 Feb 2019 01:00:07,33.628,(14.187,57.5366)
1250,12 Feb 2019 02:00:07,33.628,(14.0,57.2)
1251,12 Feb 2019 03:00:07,33.628,(14.0,57.2)
1252,12 Feb 2019 04:00:07,33.628,(13.937,57.0866)
1253,12 Feb 2019 05:00:07,33.628,(14.0,57.2)
1254,12 Feb 2019 06:00:08,34.166,(14.0,57.2)
1255,12 Feb 2019 07:00:08,34.704,(14.437,57.986599999999996)
1256,12 Feb 2019 08:00:08,35.242,(14.625,58.325)
1257,12 Feb 2019 09:00:07,34.704,(14.625,58.325)
1258,12 Feb 2019 10:00:07,35.78,(15.0,59.0)
1259,12 Feb 2019 11:00:08,35.78,(15.0,59.0)
1260,12 Feb 2019 12:00:08,35.78,(14.687,58.4366)
1261,12 Feb 2019 13:00:08,35.78,(14.75,58.55)
1262,12 Feb 2019 14:00:07,35.242,(14.687,58.4366)
1263,12 Feb 2019 15:00:08,34.704,(14.687,58.4366)
1264,12 Feb 2019 16:00:07,35.78,(14.687,58.4366)
1265,12 Feb 2019 17:00:08,35.78,(14.625,58.325)
1266,12 Feb 2019 18:00:08,36.856,(14.687,58.4366)
1267,12 Feb 2019 19:00:08,35.78,(14.687,58.4366)
1268,12 Feb 2019 20:00:07,36.318,(15.0,59.0)
1269,12 Feb 2019 21:00:08,36.856,(15.187,59.3366)
1270,12 Feb 2019 22:00:08,35.242,(14.5,58.1)
1271,12 Feb 2019 23:00:07,34.166,(13.812,56.861599999999996)
1272,13 Feb 2019 00:00:07,32.552,(13.062,55.5116)
1273,13 Feb 2019 01:00:07,33.628,(13.0,55.4)
1274,13 Feb 2019 02:00:07,33.628,(12.875,55.175)
1275,13 Feb 2019 03:00:08,33.628,(12.625,54.725)
1276,13 Feb 2019 04:00:08,33.628,(12.562,54.611599999999996)
1277,13 Feb 2019 05:00:07,34.166,(12.5,54.5)
1278,13 Feb 2019 06:00:08,34.704,(12.937,55.2866)
1279,13 Feb 2019 07:00:07,34.704,(12.625,54.725)
1280,13 Feb 2019 08:00:08,34.704,(12.75,54.95)
1281,13 Feb 2019 09:00:07,35.78,(13.0,55.4)
1282,13 Feb 2019 10:00:08,36.856,(13.312,55.9616)
1283,13 Feb 2019 11:00:07,36.318,(13.312,55.9616)
1284,13 Feb 2019 12:00:08,35.242,(13.187,55.736599999999996)
1285,13 Feb 2019 13:00:07,35.78,(13.312,55.9616)
1286,13 Feb 2019 14:00:07,35.78,(13.5,56.3)
1287,13 Feb 2019 15:00:07,35.242,(13.625,56.525)
1288,13 Feb 2019 16:00:07,35.78,(13.812,56.861599999999996)
1289,13 Feb 2019 17:00:07,34.704,(13.75,56.75)
1290,13 Feb 2019 18:00:07,34.704,(13.937,57.0866)
1291,13 Feb 2019 19:00:08,35.242,(13.812,56.861599999999996)
1292,13 Feb 2019 20:00:08,35.78,(14.062,57.3116)
1293,13 Feb 2019 21:00:08,35.78,(14.437,57.986599999999996)
1294,13 Feb 2019 22:00:07,35.242,(14.375,57.875)
1295,13 Feb 2019 23:00:07,35.242,(14.062,57.3116)
1296,14 Feb 2019 00:00:07,34.166,(13.687,56.6366)
1297,14 Feb 2019 01:00:07,33.628,(13.062,55.5116)
1298,14 Feb 2019 02:00:08,33.628,(13.0,55.4)
1299,14 Feb 2019 03:00:08,33.09,(12.937,55.2866)
1300,14 Feb 2019 04:00:08,32.552,(12.875,55.175)
1301,14 Feb 2019 05:00:07,33.628,(12.875,55.175)
1302,14 Feb 2019 06:00:07,34.166,(13.0,55.4)
1303,14 Feb 2019 07:00:07,35.78,(13.75,56.75)
1304,14 Feb 2019 08:00:08,35.78,(14.062,57.3116)
1305,14 Feb 2019 09:00:07,35.242,(14.062,57.3116)
1306,14 Feb 2019 10:00:08,34.704,(14.25,57.65)
1307,14 Feb 2019 11:00:07,34.704,(14.375,57.875)
1308,14 Feb 2019 12:00:07,34.704,(14.375,57.875)
1309,14 Feb 2019 13:00:08,34.704,(14.5,58.1)
1310,14 Feb 2019 14:00:07,33.628,(14.0,57.2)
1311,14 Feb 2019 15:00:07,32.552,(13.75,56.75)
1312,14 Feb 2019 16:00:07,34.166,(13.375,56.075)
1313,14 Feb 2019 17:00:08,34.704,(13.687,56.6366)
1314,14 Feb 2019 18:00:08,34.704,(13.5,56.3)
1315,14 Feb 2019 19:00:08,35.242,(13.5,56.3)
1316,14 Feb 2019 20:00:07,34.704,(13.625,56.525)
1317,14 Feb 2019 21:00:07,34.166,(13.687,56.6366)
1318,14 Feb 2019 22:00:07,34.166,(12.875,55.175)
1319,14 Feb 2019 23:00:07,33.628,(12.125,53.825)
1320,15 Feb 2019 00:00:08,32.552,(10.812,51.4616)
1321,15 Feb 2019 01:00:07,33.09,(10.937,51.6866)
1322,15 Feb 2019 02:00:07,32.552,(10.562,51.0116)
1323,15 Feb 2019 03:00:07,33.09,(10.562,51.0116)
1324,15 Feb 2019 04:00:07,32.014,(10.125,50.225)
1325,15 Feb 2019 05:00:07,33.628,(10.312,50.5616)
1326,15 Feb 2019 06:00:08,34.704,(10.875,51.575)
1327,15 Feb 2019 07:00:08,34.166,(10.937,51.6866)
1328,15 Feb 2019 08:00:08,34.166,(10.75,51.35)
1329,15 Feb 2019 09:00:07,34.166,(10.75,51.35)
1330,15 Feb 2019 10:00:08,34.704,(11.0,51.8)
1331,15 Feb 2019 11:00:07,34.166,(11.187,52.1366)
1332,15 Feb 2019 12:00:08,34.704,(11.5,52.7)
1333,15 Feb 2019 13:00:08,34.166,(11.687,53.0366)
1334,15 Feb 2019 14:00:08,34.704,(11.875,53.375)
1335,15 Feb 2019 15:00:07,34.704,(12.125,53.825)
1336,15 Feb 2019 16:00:07,35.242,(12.625,54.725)
1337,15 Feb 2019 17:00:08,34.704,(12.875,55.175)
1338,15 Feb 2019 18:00:08,34.704,(12.937,55.2866)
1339,15 Feb 2019 19:00:08,35.242,(12.937,55.2866)
1340,15 Feb 2019 20:00:08,35.78,(13.25,55.85)
1341,15 Feb 2019 21:00:07,34.704,(13.125,55.625)
1342,15 Feb 2019 22:00:08,35.78,(13.125,55.625)
1343,15 Feb 2019 23:00:07,34.704,(20.125,68.225)
1344,16 Feb 2019 00:00:07,34.166,(18.875,65.975)
1345,16 Feb 2019 01:00:07,32.552,(18.0,64.4)
1346,16 Feb 2019 02:00:08,32.552,(17.937,64.2866)
1347,16 Feb 2019 03:00:07,33.628,(18.125,64.625)
1348,16 Feb 2019 04:00:07,33.09,(17.875,64.175)
1349,16 Feb 2019 05:00:07,33.09,(17.812,64.0616)
1350,16 Feb 2019 06:00:07,34.704,(19.5,67.1)
1351,16 Feb 2019 07:00:07,34.704,(19.937,67.8866)
1352,16 Feb 2019 08:00:08,34.704,(20.062,68.11160000000001)
1353,16 Feb 2019 09:00:08,34.704,(20.125,68.225)
1354,16 Feb 2019 10:00:07,34.704,(19.75,67.55)
1355,16 Feb 2019 11:00:07,34.704,(19.812,67.6616)
1356,16 Feb 2019 12:00:08,34.166,(19.187,66.5366)
1357,16 Feb 2019 13:00:08,35.242,(19.25,66.65)
1358,16 Feb 2019 14:00:07,33.628,(19.312,66.7616)
1359,16 Feb 2019 15:00:07,33.628,(19.125,66.425)
1360,16 Feb 2019 16:00:08,35.242,(19.937,67.8866)
1361,16 Feb 2019 17:00:07,35.242,(20.125,68.225)
1362,16 Feb 2019 18:00:07,34.704,(19.875,67.775)
1363,16 Feb 2019 19:00:08,36.318,(20.062,68.11160000000001)
1364,16 Feb 2019 20:00:07,34.704,(20.125,68.225)
1365,16 Feb 2019 21:00:07,34.704,(19.812,67.6616)
1366,16 Feb 2019 22:00:07,34.704,(19.625,67.325)
1367,16 Feb 2019 23:00:08,34.166,(19.562,67.2116)
1368,17 Feb 2019 00:00:07,33.628,(18.812,65.86160000000001)
1369,17 Feb 2019 01:00:07,34.166,(18.937,66.0866)
1370,17 Feb 2019 02:00:07,33.628,(18.5,65.3)
1371,17 Feb 2019 03:00:08,33.09,(17.812,64.0616)
1372,17 Feb 2019 04:00:07,33.628,(18.437,65.1866)
1373,17 Feb 2019 05:00:07,33.628,(18.187,64.73660000000001)
1374,17 Feb 2019 06:00:08,33.628,(18.25,64.85)
1375,17 Feb 2019 07:00:07,34.166,(19.187,66.5366)
1376,17 Feb 2019 08:00:07,35.78,(20.75,69.35)
1377,17 Feb 2019 09:00:07,35.242,(20.375,68.675)
1378,17 Feb 2019 10:00:08,34.704,(20.125,68.225)
1379,17 Feb 2019 11:00:07,35.78,(21.5,70.7)
1380,17 Feb 2019 12:00:08,34.704,(21.187,70.1366)
1381,17 Feb 2019 13:00:07,34.704,(21.5,70.7)
1382,17 Feb 2019 14:00:07,34.704,(20.937,69.6866)
1383,17 Feb 2019 15:00:08,33.628,(19.312,66.7616)
1384,17 Feb 2019 16:00:07,34.704,(19.812,67.6616)
1385,17 Feb 2019 17:00:08,35.242,(20.875,69.575)
1386,17 Feb 2019 18:00:12,35.242,(20.25,68.45)
1387,17 Feb 2019 19:00:07,34.704,(19.937,67.8866)
1388,17 Feb 2019 20:00:07,34.704,(19.687,67.4366)
1389,17 Feb 2019 21:00:07,33.628,(18.812,65.86160000000001)
1390,17 Feb 2019 22:00:07,33.628,(18.437,65.1866)
1391,17 Feb 2019 23:00:08,34.166,(19.312,66.7616)
1392,18 Feb 2019 00:00:07,33.628,(18.812,65.86160000000001)
1393,18 Feb 2019 01:00:08,34.166,(18.812,65.86160000000001)
1394,18 Feb 2019 02:00:08,33.628,(18.5,65.3)
1395,18 Feb 2019 03:00:07,33.628,(18.562,65.4116)
1396,18 Feb 2019 04:00:08,33.628,(18.5,65.3)
1397,18 Feb 2019 05:00:08,33.628,(18.687,65.6366)
1398,18 Feb 2019 06:00:07,34.166,(19.25,66.65)
1399,18 Feb 2019 07:00:07,35.242,(20.625,69.125)
1400,18 Feb 2019 08:00:07,34.704,(20.062,68.11160000000001)
1401,18 Feb 2019 09:00:08,34.704,(19.75,67.55)
1402,18 Feb 2019 10:00:07,34.704,(19.625,67.325)
1403,18 Feb 2019 11:00:07,34.166,(19.312,66.7616)
1404,18 Feb 2019 12:00:07,34.704,(19.812,67.6616)
1405,18 Feb 2019 13:00:08,34.166,(19.5,67.1)
1406,18 Feb 2019 14:00:08,35.242,(19.875,67.775)
1407,18 Feb 2019 15:00:08,34.704,(19.562,67.2116)
1408,18 Feb 2019 16:00:07,34.704,(20.125,68.225)
1409,18 Feb 2019 17:00:07,34.704,(19.875,67.775)
1410,18 Feb 2019 18:00:07,35.78,(20.437,68.7866)
1411,18 Feb 2019 19:00:07,34.704,(20.062,68.11160000000001)
1412,18 Feb 2019 20:00:07,35.78,(20.625,69.125)
1413,18 Feb 2019 21:00:08,35.242,(20.25,68.45)
1414,18 Feb 2019 22:00:07,35.78,(20.812,69.4616)
1415,18 Feb 2019 23:00:07,34.704,(20.062,68.11160000000001)
1416,19 Feb 2019 00:00:08,33.628,(18.937,66.0866)
1417,19 Feb 2019 01:00:08,33.628,(18.375,65.075)
1418,19 Feb 2019 02:00:07,33.628,(18.125,64.625)
1419,19 Feb 2019 03:00:07,33.628,(18.437,65.1866)
1420,19 Feb 2019 04:00:07,33.628,(18.5,65.3)
1421,19 Feb 2019 05:00:07,33.628,(18.5,65.3)
1422,19 Feb 2019 06:00:07,35.242,(20.0,68.0)
1423,19 Feb 2019 07:00:08,34.704,(19.812,67.6616)
1424,19 Feb 2019 08:00:08,34.704,(20.187,68.3366)
1425,19 Feb 2019 09:00:07,34.704,(19.5,67.1)
1426,19 Feb 2019 10:00:07,34.704,(19.312,66.7616)
1427,19 Feb 2019 11:00:07,34.704,(19.437,66.98660000000001)
1428,19 Feb 2019 12:00:07,34.704,(19.687,67.4366)
1429,19 Feb 2019 13:00:07,34.704,(19.812,67.6616)
1430,19 Feb 2019 14:00:08,34.704,(19.812,67.6616)
1431,19 Feb 2019 15:00:07,35.242,(20.062,68.11160000000001)
1432,19 Feb 2019 16:00:07,34.704,(20.125,68.225)
1433,19 Feb 2019 17:00:07,34.704,(20.187,68.3366)
1434,19 Feb 2019 18:00:08,34.704,(20.0,68.0)
1435,19 Feb 2019 19:00:08,35.78,(20.937,69.6866)
1436,19 Feb 2019 20:00:07,36.318,(22.5,72.5)
1437,19 Feb 2019 21:00:07,35.78,(21.937,71.48660000000001)
1438,19 Feb 2019 22:00:08,35.78,(20.375,68.675)
1439,19 Feb 2019 23:00:11,35.78,(19.687,67.4366)
1440,20 Feb 2019 00:00:08,34.166,(18.75,65.75)
1441,20 Feb 2019 01:00:08,33.628,(18.312,64.9616)
1442,20 Feb 2019 02:00:07,33.628,(18.187,64.73660000000001)
1443,20 Feb 2019 03:00:08,34.166,(18.562,65.4116)
1444,20 Feb 2019 04:00:08,33.09,(18.625,65.525)
1445,20 Feb 2019 05:00:08,33.628,(18.5,65.3)
1446,20 Feb 2019 06:00:07,34.166,(19.437,66.98660000000001)
1447,20 Feb 2019 07:00:11,36.856,(20.937,69.6866)
1448,20 Feb 2019 08:00:07,35.78,(21.812,71.2616)
1449,20 Feb 2019 09:00:07,35.242,(21.625,70.925)
1450,20 Feb 2019 10:00:08,35.78,(22.125,71.825)
1451,20 Feb 2019 11:00:07,34.704,(21.5,70.7)
1452,20 Feb 2019 12:00:07,35.78,(21.75,71.15)
1453,20 Feb 2019 13:00:07,34.704,(21.375,70.475)
1454,20 Feb 2019 14:00:07,35.78,(22.25,72.05)
1455,20 Feb 2019 15:00:08,34.704,(22.062,71.7116)
1456,20 Feb 2019 16:00:07,34.704,(21.062,69.9116)
1457,20 Feb 2019 17:00:08,35.78,(22.0,71.6)
1458,20 Feb 2019 18:00:07,35.242,(21.5,70.7)
1459,20 Feb 2019 19:00:07,35.78,(21.937,71.48660000000001)
1460,20 Feb 2019 20:00:08,36.856,(22.75,72.95)
1461,20 Feb 2019 21:00:07,36.318,(22.375,72.275)
1462,20 Feb 2019 22:00:07,35.78,(21.625,70.925)
1463,20 Feb 2019 23:00:07,35.78,(20.875,69.575)
1464,21 Feb 2019 00:00:07,34.704,(19.875,67.775)
1465,21 Feb 2019 01:00:07,33.628,(18.75,65.75)
1466,21 Feb 2019 02:00:08,32.552,(17.687,63.836600000000004)
1467,21 Feb 2019 03:00:07,33.628,(18.125,64.625)
1468,21 Feb 2019 04:00:08,33.09,(18.125,64.625)
1469,21 Feb 2019 05:00:08,34.166,(18.437,65.1866)
1470,21 Feb 2019 06:00:07,35.78,(20.375,68.675)
1471,21 Feb 2019 07:00:07,35.78,(20.687,69.23660000000001)
1472,21 Feb 2019 08:00:07,34.704,(20.125,68.225)
1473,21 Feb 2019 09:00:08,34.704,(20.062,68.11160000000001)
1474,21 Feb 2019 10:00:07,34.704,(19.625,67.325)
1475,21 Feb 2019 11:00:07,34.166,(19.437,66.98660000000001)
1476,21 Feb 2019 12:00:08,34.704,(19.625,67.325)
1477,21 Feb 2019 13:00:08,33.628,(19.187,66.5366)
1478,21 Feb 2019 14:00:08,33.628,(18.5,65.3)
1479,21 Feb 2019 15:00:08,34.704,(18.0,64.4)
1480,21 Feb 2019 16:00:07,34.166,(19.5,67.1)
1481,21 Feb 2019 17:00:08,35.78,(20.5,68.9)
1482,21 Feb 2019 18:00:08,34.704,(20.187,68.3366)
1483,21 Feb 2019 19:00:07,35.78,(20.25,68.45)
1484,21 Feb 2019 20:00:07,34.704,(20.0,68.0)
1485,21 Feb 2019 21:00:08,35.78,(20.375,68.675)
1486,21 Feb 2019 22:00:07,34.704,(19.687,67.4366)
1487,21 Feb 2019 23:00:08,33.628,(19.312,66.7616)
1488,22 Feb 2019 00:00:08,33.09,(18.375,65.075)
1489,22 Feb 2019 01:00:07,33.628,(17.937,64.2866)
1490,22 Feb 2019 02:00:07,32.552,(17.875,64.175)
1491,22 Feb 2019 03:00:07,33.628,(18.187,64.73660000000001)
1492,22 Feb 2019 04:00:07,33.09,(18.062,64.5116)
1493,22 Feb 2019 05:00:08,33.628,(18.187,64.73660000000001)
1494,22 Feb 2019 06:00:07,33.628,(18.812,65.86160000000001)
1495,22 Feb 2019 07:00:07,35.78,(20.5,68.9)
1496,22 Feb 2019 08:00:07,35.78,(20.437,68.7866)
1497,22 Feb 2019 09:00:07,34.704,(19.687,67.4366)
1498,22 Feb 2019 10:00:08,35.78,(20.25,68.45)
1499,22 Feb 2019 11:00:07,35.242,(19.75,67.55)
1500,22 Feb 2019 12:00:07,34.704,(19.562,67.2116)
1501,22 Feb 2019 13:00:07,34.166,(19.125,66.425)
1502,22 Feb 2019 14:00:07,33.628,(18.562,65.4116)
1503,22 Feb 2019 15:00:07,33.628,(18.125,64.625)
1504,22 Feb 2019 16:00:07,33.628,(18.937,66.0866)
1505,22 Feb 2019 17:00:07,33.628,(18.625,65.525)
1506,22 Feb 2019 18:00:07,33.628,(18.687,65.6366)
1507,22 Feb 2019 19:00:07,33.628,(18.625,65.525)
1508,22 Feb 2019 20:00:07,34.166,(18.875,65.975)
1509,22 Feb 2019 21:00:07,35.242,(20.437,68.7866)
1510,22 Feb 2019 22:00:07,35.78,(21.312,70.36160000000001)
1511,22 Feb 2019 23:00:07,35.78,(20.812,69.4616)
1512,23 Feb 2019 00:00:07,34.704,(20.125,68.225)
1513,23 Feb 2019 01:00:07,34.166,(19.375,66.875)
1514,23 Feb 2019 02:00:08,33.628,(18.562,65.4116)
1515,23 Feb 2019 03:00:08,33.628,(18.625,65.525)
1516,23 Feb 2019 04:00:07,33.628,(18.437,65.1866)
1517,23 Feb 2019 05:00:07,34.166,(18.812,65.86160000000001)
1518,23 Feb 2019 06:00:07,34.166,(19.0,66.2)
1519,23 Feb 2019 07:00:08,35.78,(20.562,69.0116)
1520,23 Feb 2019 08:00:07,35.78,(20.562,69.0116)
1521,23 Feb 2019 09:00:07,35.78,(20.312,68.5616)
1522,23 Feb 2019 10:00:07,35.242,(20.25,68.45)
1523,23 Feb 2019 11:00:07,34.704,(20.437,68.7866)
1524,23 Feb 2019 12:00:08,35.78,(20.25,68.45)
1525,23 Feb 2019 13:00:08,34.704,(19.687,67.4366)
1526,23 Feb 2019 14:00:07,35.78,(20.312,68.5616)
1527,23 Feb 2019 15:00:08,34.704,(20.187,68.3366)
1528,23 Feb 2019 16:00:08,35.242,(20.187,68.3366)
1529,23 Feb 2019 17:00:07,35.78,(21.0,69.8)
1530,23 Feb 2019 18:00:07,35.78,(20.5,68.9)
1531,23 Feb 2019 19:00:07,34.704,(20.062,68.11160000000001)
1532,23 Feb 2019 20:00:07,34.704,(20.062,68.11160000000001)
1533,23 Feb 2019 21:00:07,35.78,(20.562,69.0116)
1534,23 Feb 2019 22:00:07,35.78,(20.187,68.3366)
1535,23 Feb 2019 23:00:07,34.704,(19.625,67.325)
1536,24 Feb 2019 00:00:07,34.166,(19.0,66.2)
1537,24 Feb 2019 01:00:07,33.628,(18.875,65.975)
1538,24 Feb 2019 02:00:07,34.166,(18.875,65.975)
1539,24 Feb 2019 03:00:07,34.166,(19.125,66.425)
1540,24 Feb 2019 04:00:07,34.166,(18.937,66.0866)
1541,24 Feb 2019 05:00:08,33.628,(18.875,65.975)
1542,24 Feb 2019 06:00:07,34.704,(19.687,67.4366)
1543,24 Feb 2019 07:00:07,35.78,(20.687,69.23660000000001)
1544,24 Feb 2019 08:00:08,34.704,(20.062,68.11160000000001)
1545,24 Feb 2019 09:00:07,35.242,(20.0,68.0)
1546,24 Feb 2019 10:00:07,34.704,(19.625,67.325)
1547,24 Feb 2019 11:00:07,34.166,(19.062,66.3116)
1548,24 Feb 2019 12:00:07,34.166,(19.062,66.3116)
1549,24 Feb 2019 13:00:07,33.09,(19.437,66.98660000000001)
1550,24 Feb 2019 14:00:08,32.014,(18.937,66.0866)
1551,24 Feb 2019 15:00:07,31.476,(18.125,64.625)
1552,24 Feb 2019 16:00:07,32.014,(18.937,66.0866)
1553,24 Feb 2019 17:00:08,31.476,(18.437,65.1866)
1554,24 Feb 2019 18:00:07,33.09,(19.125,66.425)
1555,24 Feb 2019 19:00:08,34.704,(19.687,67.4366)
1556,24 Feb 2019 20:00:08,34.704,(20.25,68.45)
1557,24 Feb 2019 21:00:08,34.704,(19.625,67.325)
1558,24 Feb 2019 22:00:07,34.704,(19.625,67.325)
1559,24 Feb 2019 23:00:08,34.166,(18.625,65.525)
1560,25 Feb 2019 00:00:07,33.628,(18.312,64.9616)
1561,25 Feb 2019 01:00:07,33.628,(18.125,64.625)
1562,25 Feb 2019 02:00:07,33.628,(18.125,64.625)
1563,25 Feb 2019 03:00:07,33.628,(18.937,66.0866)
1564,25 Feb 2019 04:00:08,33.628,(18.125,64.625)
1565,25 Feb 2019 05:00:08,34.166,(18.5,65.3)
1566,25 Feb 2019 06:00:07,34.704,(19.75,67.55)
1567,25 Feb 2019 07:00:08,34.704,(19.312,66.7616)
1568,25 Feb 2019 08:00:08,34.704,(19.875,67.775)
1569,25 Feb 2019 09:00:07,35.242,(19.875,67.775)
1570,25 Feb 2019 10:00:08,34.166,(19.375,66.875)
1571,25 Feb 2019 11:00:07,34.166,(19.125,66.425)
1572,25 Feb 2019 12:00:07,34.166,(18.875,65.975)
1573,25 Feb 2019 13:00:07,33.09,(17.875,64.175)
1574,25 Feb 2019 14:00:07,33.09,(17.75,63.95)
1575,25 Feb 2019 15:00:07,33.09,(17.687,63.836600000000004)
1576,25 Feb 2019 16:00:07,34.166,(19.5,67.1)
1577,25 Feb 2019 17:00:07,34.704,(19.937,67.8866)
1578,25 Feb 2019 18:00:07,34.704,(19.687,67.4366)
1579,25 Feb 2019 19:00:07,34.704,(20.0,68.0)
1580,25 Feb 2019 20:00:07,35.242,(20.062,68.11160000000001)
1581,25 Feb 2019 21:00:07,34.704,(20.062,68.11160000000001)
1582,25 Feb 2019 22:00:08,34.166,(19.437,66.98660000000001)
1583,25 Feb 2019 23:00:07,33.628,(18.25,64.85)
1584,26 Feb 2019 00:00:07,33.628,(18.187,64.73660000000001)
1585,26 Feb 2019 01:00:08,33.628,(18.625,65.525)
1586,26 Feb 2019 02:00:07,33.628,(18.25,64.85)
1587,26 Feb 2019 03:00:07,34.166,(18.687,65.6366)
1588,26 Feb 2019 04:00:07,33.628,(18.437,65.1866)
1589,26 Feb 2019 05:00:08,34.166,(18.625,65.525)
1590,26 Feb 2019 06:00:07,34.704,(18.875,65.975)
1591,26 Feb 2019 07:00:08,35.78,(20.187,68.3366)
1592,26 Feb 2019 08:00:07,35.242,(19.937,67.8866)
1593,26 Feb 2019 09:00:07,35.78,(20.125,68.225)
1594,26 Feb 2019 10:00:08,34.704,(19.312,66.7616)
1595,26 Feb 2019 11:00:08,34.704,(19.375,66.875)
1596,26 Feb 2019 12:00:07,34.704,(19.687,67.4366)
1597,26 Feb 2019 13:00:07,34.166,(18.937,66.0866)
1598,26 Feb 2019 14:00:07,33.628,(18.312,64.9616)
1599,26 Feb 2019 15:00:07,33.628,(18.125,64.625)
1600,26 Feb 2019 16:00:07,34.704,(18.75,65.75)
1601,26 Feb 2019 17:00:07,34.166,(18.437,65.1866)
1602,26 Feb 2019 18:00:07,34.704,(19.312,66.7616)
1603,26 Feb 2019 19:00:07,36.856,(21.125,70.025)
1604,26 Feb 2019 20:00:07,35.78,(21.437,70.5866)
1605,26 Feb 2019 21:00:07,36.856,(22.125,71.825)
1606,26 Feb 2019 22:00:07,35.78,(22.062,71.7116)
1607,26 Feb 2019 23:00:08,35.78,(20.0,68.0)
1608,27 Feb 2019 00:00:07,34.166,(18.625,65.525)
1609,27 Feb 2019 01:00:07,34.166,(18.437,65.1866)
1610,27 Feb 2019 02:00:07,33.628,(18.375,65.075)
1611,27 Feb 2019 03:00:07,34.166,(18.5,65.3)
1612,27 Feb 2019 04:00:07,34.166,(18.625,65.525)
1613,27 Feb 2019 05:00:07,34.166,(18.375,65.075)
1614,27 Feb 2019 06:00:07,34.704,(19.5,67.1)
1615,27 Feb 2019 07:00:08,34.704,(19.812,67.6616)