"Mon","21 Jan 2019 18:17:10",42.236,21.625,70.925
"Mon","21 Jan 2019 18:19:34",41.698,21.625,70.925
"Mon","21 Jan 2019 18:26:40",41.698,21.562,70.8116
"Mon","21 Jan 2019 18:27:08",42.236,21.562,70.8116
"Mon","21 Jan 2019 18:28:09",41.698,21.562,70.8116
"Mon","21 Jan 2019 18:29:09",42.236,21.625,70.925
"Mon","21 Jan 2019 18:29:20",42.236,21.562,70.8116
"Mon","21 Jan 2019 18:30:11",42.236,21.625,70.925
"Mon","21 Jan 2019 18:31:09",41.16,21.562,70.8116
"Mon","21 Jan 2019 18:32:08",41.16,21.562,70.8116
"Mon","21 Jan 2019 18:33:11",41.698,21.562,70.8116
"Mon","21 Jan 2019 18:34:00",41.16,21.625,70.925
"Mon","21 Jan 2019 18:34:08",41.698,21.625,70.925
"Mon","21 Jan 2019 18:35:08",41.16,21.625,70.925
"Mon","21 Jan 2019 18:36:11",41.16,21.625,70.925
"Mon","21 Jan 2019 18:36:47",41.16,21.625,70.925
"Mon","21 Jan 2019 18:37:08",41.698,21.625,70.925
"Mon","21 Jan 2019 18:37:50",41.698,21.625,70.925
"Mon","21 Jan 2019 18:38:08",41.698,21.625,70.925
"Mon","21 Jan 2019 18:39:08",41.16,21.625,70.925
"Mon","21 Jan 2019 18:40:09",42.236,21.625,70.925
"Mon","21 Jan 2019 18:40:58",40.622,21.625,70.925
"Mon","21 Jan 2019 18:41:08",42.236,21.625,70.925
"Mon","21 Jan 2019 18:42:09",41.16,21.687,71.0366
"Mon","21 Jan 2019 18:43:08",41.16,21.75,71.15
"Mon","21 Jan 2019 18:44:09",41.16,21.75,71.15
"Mon","21 Jan 2019 18:45:10",42.236,21.75,71.15
"Mon","21 Jan 2019 18:46:09",41.698,21.812,71.2616
"Mon","21 Jan 2019 18:47:10",42.774,21.812,71.2616
"Mon","21 Jan 2019 18:48:16",42.774,21.875,71.375
"Mon","21 Jan 2019 18:48:16",42.236,21.875,71.375
"Mon","21 Jan 2019 18:49:08",42.236,21.875,71.375
"Mon","21 Jan 2019 18:50:09",41.16,21.937,71.4866
"Mon","21 Jan 2019 18:51:00",42.236,21.937,71.4866
"Mon","21 Jan 2019 18:51:09",42.774,21.937,71.4866
"Mon","21 Jan 2019 18:52:08",41.698,22,71.6
"Mon","21 Jan 2019 18:53:09",42.236,22,71.6
"Mon","21 Jan 2019 18:54:08",42.236,22.062,71.7116
"Mon","21 Jan 2019 18:56:08",41.16,22.125,71.825
"Mon","21 Jan 2019 18:57:08",41.16,22.125,71.825
"Mon","21 Jan 2019 18:58:08",41.698,22.187,71.9366
"Mon","21 Jan 2019 18:59:08",41.16,22.125,71.825
"Mon","21 Jan 2019 20:00:07",35.78,22.562,72.6116
"Mon","21 Jan 2019 20:01:07",36.856,22.5,72.5
"Mon","21 Jan 2019 20:02:07",36.318,22.5,72.5
"Mon","21 Jan 2019 20:03:08",36.318,22.5,72.5
"Mon","21 Jan 2019 20:04:07",36.856,22.437,72.3866
"Mon","21 Jan 2019 20:05:07",36.318,22.437,72.3866
"Mon","21 Jan 2019 20:06:07",36.318,22.437,72.3866
"Mon","21 Jan 2019 20:07:08",36.318,22.437,72.3866
"Mon","21 Jan 2019 20:08:07",36.318,22.375,72.275
"Mon","21 Jan 2019 20:09:07",35.78,22.375,72.275
"Mon","21 Jan 2019 20:10:07",36.318,22.375,72.275
"Mon","21 Jan 2019 20:11:07",36.318,22.312,72.1616
"Mon","21 Jan 2019 20:12:07",36.856,22.312,72.1616
"Mon","21 Jan 2019 20:13:07",35.78,22.312,72.1616
"Mon","21 Jan 2019 20:14:07",36.318,22.25,72.05
"Mon","21 Jan 2019 20:15:07",36.856,22.25,72.05
"Mon","21 Jan 2019 20:16:07",36.318,22.25,72.05
"Mon","21 Jan 2019 20:17:07",36.856,22.25,72.05
"Mon","21 Jan 2019 20:18:07",35.78,22.187,71.9366
"Mon","21 Jan 2019 20:19:07",36.856,22.187,71.9366
"Mon","21 Jan 2019 20:20:08",36.318,22.125,71.825
"Mon","21 Jan 2019 20:21:07",36.318,22.125,71.825
"Mon","21 Jan 2019 20:22:07",36.318,22.125,71.825
"Mon","21 Jan 2019 20:23:07",36.856,22.125,71.825
"Mon","21 Jan 2019 20:24:07",36.318,22.062,71.7116
"Mon","21 Jan 2019 20:25:07",35.78,22.062,71.7116
"Mon","21 Jan 2019 20:26:07",36.318,22.062,71.7116
"Mon","21 Jan 2019 20:27:07",36.856,22.062,71.7116
"Mon","21 Jan 2019 20:28:07",36.856,22.062,71.7116
"Mon","21 Jan 2019 20:29:07",35.78,22,71.6
"Mon","21 Jan 2019 20:30:07",36.318,22,71.6
"Mon","21 Jan 2019 20:31:07",36.318,22,71.6
"Mon","21 Jan 2019 20:32:07",36.856,21.937,71.4866
"Mon","21 Jan 2019 20:33:07",36.856,21.937,71.4866
"Mon","21 Jan 2019 20:34:07",35.78,21.937,71.4866
"Mon","21 Jan 2019 20:35:07",35.78,21.937,71.4866
"Mon","21 Jan 2019 20:36:08",36.318,21.875,71.375
"Mon","21 Jan 2019 20:37:07",35.78,21.875,71.375
"Mon","21 Jan 2019 20:38:07",35.78,21.875,71.375
"Mon","21 Jan 2019 20:39:07",35.78,21.812,71.2616
"Mon","21 Jan 2019 20:40:07",36.318,21.812,71.2616
"Mon","21 Jan 2019 20:41:08",36.318,21.812,71.2616
"Mon","21 Jan 2019 20:42:07",36.318,21.812,71.2616
"Mon","21 Jan 2019 20:43:07",35.78,21.75,71.15
"Mon","21 Jan 2019 20:44:07",35.78,21.75,71.15
"Mon","21 Jan 2019 20:45:07",35.78,21.75,71.15
"Mon","21 Jan 2019 20:46:07",35.78,21.75,71.15
"Mon","21 Jan 2019 20:47:07",35.78,21.687,71.0366
"Mon","21 Jan 2019 20:48:08",35.78,21.687,71.0366
"Mon","21 Jan 2019 20:49:07",35.78,21.687,71.0366
"Mon","21 Jan 2019 20:50:07",35.78,21.625,70.925
"Mon","21 Jan 2019 20:51:08",35.78,21.625,70.925
"Mon","21 Jan 2019 20:52:07",36.318,21.625,70.925
"Mon","21 Jan 2019 20:53:07",36.318,21.625,70.925
"Mon","21 Jan 2019 20:54:07",35.78,21.562,70.8116
"Mon","21 Jan 2019 20:55:07",36.318,21.562,70.8116
"Mon","21 Jan 2019 20:56:07",36.318,21.562,70.8116
"Mon","21 Jan 2019 20:57:07",35.78,21.5,70.7
"Mon","21 Jan 2019 20:58:07",35.78,21.5,70.7
"Mon","21 Jan 2019 20:59:07",35.78,21.5,70.7
"Mon","21 Jan 2019 22:00:07",34.166,20.375,68.675
"Mon","21 Jan 2019 22:01:07",34.166,20.375,68.675
"Mon","21 Jan 2019 22:02:07",33.628,20.312,68.5616
"Mon","21 Jan 2019 22:03:07",34.166,20.312,68.5616
"Mon","21 Jan 2019 22:04:07",34.166,20.312,68.5616
"Mon","21 Jan 2019 22:05:07",34.704,20.25,68.45
"Mon","21 Jan 2019 22:06:07",34.704,20.25,68.45
"Mon","21 Jan 2019 22:07:08",33.628,20.187,68.3366
"Mon","21 Jan 2019 22:08:07",34.166,20.187,68.3366
"Mon","21 Jan 2019 22:09:07",34.166,20.187,68.3366
"Mon","21 Jan 2019 22:10:07",34.166,20.187,68.3366
"Mon","21 Jan 2019 22:11:07",34.166,20.125,68.225
"Mon","21 Jan 2019 22:12:07",34.166,20.125,68.225
"Mon","21 Jan 2019 22:13:07",34.166,20.125,68.225
"Mon","21 Jan 2019 22:14:08",34.166,20.125,68.225
"Mon","21 Jan 2019 22:15:07",34.704,20.125,68.225
"Mon","21 Jan 2019 22:16:07",34.166,20.125,68.225
"Mon","21 Jan 2019 22:17:07",34.704,20.125,68.225
"Mon","21 Jan 2019 22:18:07",34.704,20.125,68.225
"Mon","21 Jan 2019 22:19:07",34.704,20.125,68.225
"Mon","21 Jan 2019 22:20:08",34.704,20.062,68.1116
"Mon","21 Jan 2019 22:21:07",34.704,20.062,68.1116
"Mon","21 Jan 2019 22:22:07",34.166,20.062,68.1116
"Mon","21 Jan 2019 22:23:07",34.704,20.062,68.1116
"Mon","21 Jan 2019 22:24:07",34.166,20,68
"Mon","21 Jan 2019 22:25:07",34.166,20,68
"Mon","21 Jan 2019 22:26:07",34.704,20,68
"Mon","21 Jan 2019 22:27:08",34.704,20,68
"Mon","21 Jan 2019 22:28:07",34.166,20,68
"Mon","21 Jan 2019 22:29:07",34.166,19.937,67.8866
"Mon","21 Jan 2019 22:30:08",34.704,19.937,67.8866
"Mon","21 Jan 2019 22:31:07",34.704,19.937,67.8866
"Mon","21 Jan 2019 22:32:07",34.166,19.937,67.8866
"Mon","21 Jan 2019 22:33:08",34.166,19.875,67.775
"Mon","21 Jan 2019 22:34:07",34.704,19.875,67.775
"Mon","21 Jan 2019 22:35:07",34.166,19.875,67.775
"Mon","21 Jan 2019 22:36:07",34.704,19.875,67.775
"Mon","21 Jan 2019 22:37:08",34.704,19.875,67.775
"Mon","21 Jan 2019 22:38:07",34.166,19.812,67.6616
"Mon","21 Jan 2019 22:39:07",34.704,19.812,67.6616
"Mon","21 Jan 2019 22:40:08",34.704,19.812,67.6616
"Mon","21 Jan 2019 22:41:07",33.628,19.812,67.6616
"Mon","21 Jan 2019 22:42:07",34.166,19.75,67.55
"Mon","21 Jan 2019 22:43:07",34.166,19.75,67.55
"Mon","21 Jan 2019 22:44:08",34.166,19.75,67.55
"Mon","21 Jan 2019 22:45:08",34.166,19.75,67.55
"Mon","21 Jan 2019 22:46:08",33.628,19.687,67.4366
"Mon","21 Jan 2019 22:47:07",33.628,19.687,67.4366
"Mon","21 Jan 2019 22:48:07",33.628,19.687,67.4366
"Mon","21 Jan 2019 22:49:07",33.628,19.625,67.325
"Mon","21 Jan 2019 22:50:07",34.166,19.625,67.325
"Mon","21 Jan 2019 22:51:08",33.628,19.625,67.325
"Mon","21 Jan 2019 22:52:08",33.628,19.625,67.325
"Mon","21 Jan 2019 22:53:07",34.166,19.562,67.2116
"Mon","21 Jan 2019 22:54:07",34.166,19.562,67.2116
"Mon","21 Jan 2019 22:55:07",34.166,19.562,67.2116
"Mon","21 Jan 2019 22:56:07",33.628,19.5,67.1
"Mon","21 Jan 2019 22:57:07",33.628,19.5,67.1
"Mon","21 Jan 2019 22:58:07",34.704,19.5,67.1
"Mon","21 Jan 2019 22:59:07",33.628,19.5,67.1
"Tue","22 Jan 2019 00:00:07",32.014,18.5,65.3
"Tue","22 Jan 2019 00:01:07",32.552,18.5,65.3
"Tue","22 Jan 2019 00:02:07",32.014,18.5,65.3
"Tue","22 Jan 2019 00:03:08",32.552,18.5,65.3
"Tue","22 Jan 2019 00:04:08",32.014,18.5,65.3
"Tue","22 Jan 2019 00:05:08",33.09,18.5,65.3
"Tue","22 Jan 2019 00:06:07",32.552,18.5,65.3
"Tue","22 Jan 2019 00:07:07",32.014,18.5,65.3
"Tue","22 Jan 2019 00:08:07",32.552,18.562,65.4116
"Tue","22 Jan 2019 00:09:07",32.552,18.562,65.4116
"Tue","22 Jan 2019 00:10:08",32.552,18.562,65.4116
"Tue","22 Jan 2019 00:11:07",32.552,18.562,65.4116
"Tue","22 Jan 2019 00:12:07",32.552,18.562,65.4116
"Tue","22 Jan 2019 00:13:07",33.09,18.562,65.4116
"Tue","22 Jan 2019 00:14:07",33.09,18.625,65.525
"Tue","22 Jan 2019 00:15:07",32.552,18.625,65.525
"Tue","22 Jan 2019 00:16:08",33.09,18.562,65.4116
"Tue","22 Jan 2019 00:17:07",32.552,18.625,65.525
"Tue","22 Jan 2019 00:18:07",33.628,18.625,65.525
"Tue","22 Jan 2019 00:19:07",33.09,18.625,65.525
"Tue","22 Jan 2019 00:20:07",32.552,18.625,65.525
"Tue","22 Jan 2019 00:21:07",33.628,18.625,65.525
"Tue","22 Jan 2019 00:22:07",32.552,18.687,65.6366
"Tue","22 Jan 2019 00:23:07",33.628,18.687,65.6366
"Tue","22 Jan 2019 00:24:08",32.552,18.687,65.6366
"Tue","22 Jan 2019 00:25:07",33.09,18.75,65.75
"Tue","22 Jan 2019 00:26:07",33.09,18.75,65.75
"Tue","22 Jan 2019 00:27:07",33.628,18.75,65.75
"Tue","22 Jan 2019 00:28:08",33.628,18.75,65.75
"Tue","22 Jan 2019 00:29:07",33.628,18.812,65.8616
"Tue","22 Jan 2019 00:30:07",33.628,18.812,65.8616
"Tue","22 Jan 2019 00:31:07",33.628,18.812,65.8616
"Tue","22 Jan 2019 00:32:07",33.628,18.875,65.975
"Tue","22 Jan 2019 00:33:07",33.628,18.875,65.975
"Tue","22 Jan 2019 00:34:07",33.628,18.875,65.975
"Tue","22 Jan 2019 00:35:07",33.628,18.875,65.975
"Tue","22 Jan 2019 00:36:07",34.166,18.937,66.0866
"Tue","22 Jan 2019 00:37:07",33.628,18.937,66.0866
"Tue","22 Jan 2019 00:38:07",33.628,18.937,66.0866
"Tue","22 Jan 2019 00:39:07",33.628,19,66.2
"Tue","22 Jan 2019 00:40:07",33.628,19,66.2
"Tue","22 Jan 2019 00:41:07",33.628,19,66.2
"Tue","22 Jan 2019 00:42:07",33.628,19.062,66.3116
"Tue","22 Jan 2019 00:43:08",33.628,19.062,66.3116
"Tue","22 Jan 2019 00:44:07",33.628,19.062,66.3116
"Tue","22 Jan 2019 00:45:08",34.166,19.125,66.425
"Tue","22 Jan 2019 00:46:07",34.166,19.125,66.425
"Tue","22 Jan 2019 00:47:07",34.166,19.125,66.425
"Tue","22 Jan 2019 00:48:07",33.628,19.187,66.5366
"Tue","22 Jan 2019 00:49:07",33.628,19.187,66.5366
"Tue","22 Jan 2019 00:50:08",34.166,19.187,66.5366
"Tue","22 Jan 2019 00:51:08",34.166,19.25,66.65
"Tue","22 Jan 2019 00:52:07",33.628,19.25,66.65
"Tue","22 Jan 2019 00:53:07",33.628,19.25,66.65
"Tue","22 Jan 2019 00:54:07",34.166,19.25,66.65
"Tue","22 Jan 2019 00:55:07",33.628,19.25,66.65
"Tue","22 Jan 2019 00:56:07",34.166,19.25,66.65
"Tue","22 Jan 2019 00:57:07",33.628,19.312,66.7616
"Tue","22 Jan 2019 00:58:08",34.704,19.312,66.7616
"Tue","22 Jan 2019 00:59:09",35.78,19.312,66.7616
"Tue","22 Jan 2019 02:00:07",33.628,19.187,66.5366
"Tue","22 Jan 2019 02:01:07",33.09,19.125,66.425
"Tue","22 Jan 2019 02:02:07",32.552,19.125,66.425
"Tue","22 Jan 2019 02:03:07",33.628,19.125,66.425
"Tue","22 Jan 2019 02:04:08",33.09,19.125,66.425
"Tue","22 Jan 2019 02:05:07",33.09,19.125,66.425
"Tue","22 Jan 2019 02:06:07",33.628,19.125,66.425
"Tue","22 Jan 2019 02:07:07",33.628,19.125,66.425
"Tue","22 Jan 2019 02:08:07",33.628,19.062,66.3116
"Tue","22 Jan 2019 02:09:07",33.628,19.062,66.3116
"Tue","22 Jan 2019 02:10:07",34.166,19.062,66.3116
"Tue","22 Jan 2019 02:11:07",33.628,19.062,66.3116
"Tue","22 Jan 2019 02:12:07",33.628,19.062,66.3116
"Tue","22 Jan 2019 02:13:07",33.628,19.062,66.3116
"Tue","22 Jan 2019 02:14:08",33.628,19,66.2
"Tue","22 Jan 2019 02:15:07",33.09,19,66.2
"Tue","22 Jan 2019 02:16:08",33.628,19,66.2
"Tue","22 Jan 2019 02:17:07",33.628,19,66.2
"Tue","22 Jan 2019 02:18:07",33.628,19,66.2
"Tue","22 Jan 2019 02:19:07",33.628,19,66.2
"Tue","22 Jan 2019 02:20:07",33.628,19,66.2
"Tue","22 Jan 2019 02:21:07",33.628,18.937,66.0866
"Tue","22 Jan 2019 02:22:07",33.628,18.937,66.0866
"Tue","22 Jan 2019 02:23:07",33.628,18.937,66.0866
"Tue","22 Jan 2019 02:24:07",33.628,18.937,66.0866
"Tue","22 Jan 2019 02:25:07",33.628,18.937,66.0866
"Tue","22 Jan 2019 02:26:08",33.09,18.937,66.0866
"Tue","22 Jan 2019 02:27:07",33.628,18.875,65.975
"Tue","22 Jan 2019 02:28:07",33.09,18.875,65.975
"Tue","22 Jan 2019 02:29:07",33.09,18.875,65.975
"Tue","22 Jan 2019 02:30:07",33.628,18.875,65.975
"Tue","22 Jan 2019 02:31:07",33.628,18.875,65.975
"Tue","22 Jan 2019 02:32:07",33.628,18.875,65.975
"Tue","22 Jan 2019 02:33:07",33.628,18.875,65.975
"Tue","22 Jan 2019 02:34:07",34.166,18.875,65.975
"Tue","22 Jan 2019 02:35:08",33.628,18.875,65.975
"Tue","22 Jan 2019 02:36:07",33.628,18.875,65.975
"Tue","22 Jan 2019 02:37:07",33.628,18.875,65.975
"Tue","22 Jan 2019 02:38:07",33.628,18.937,66.0866
"Tue","22 Jan 2019 02:39:07",33.628,18.875,65.975
"Tue","22 Jan 2019 02:40:07",33.628,18.937,66.0866
"Tue","22 Jan 2019 02:41:07",33.628,18.937,66.0866
"Tue","22 Jan 2019 02:42:08",34.166,18.937,66.0866
"Tue","22 Jan 2019 02:43:07",33.628,18.937,66.0866
"Tue","22 Jan 2019 02:44:07",34.166,18.937,66.0866
"Tue","22 Jan 2019 02:45:07",33.628,18.937,66.0866
"Tue","22 Jan 2019 02:46:08",33.628,18.937,66.0866
"Tue","22 Jan 2019 02:47:07",33.628,19,66.2
"Tue","22 Jan 2019 02:48:07",33.628,19,66.2
"Tue","22 Jan 2019 02:49:07",33.628,19,66.2
"Tue","22 Jan 2019 02:50:07",33.628,19,66.2
"Tue","22 Jan 2019 02:51:07",33.628,19.062,66.3116
"Tue","22 Jan 2019 02:52:08",33.628,19.062,66.3116
"Tue","22 Jan 2019 02:53:07",33.628,19.062,66.3116
"Tue","22 Jan 2019 02:54:07",33.628,19.062,66.3116
"Tue","22 Jan 2019 02:55:07",33.628,19.062,66.3116
"Tue","22 Jan 2019 02:56:07",33.628,19.125,66.425
"Tue","22 Jan 2019 02:57:07",33.628,19.125,66.425
"Tue","22 Jan 2019 02:58:07",34.166,19.125,66.425
"Tue","22 Jan 2019 02:59:07",33.628,19.125,66.425
"Tue","22 Jan 2019 04:00:07",32.552,19.062,66.3116
"Tue","22 Jan 2019 04:01:07",33.09,19.062,66.3116
"Tue","22 Jan 2019 04:02:07",33.09,19.062,66.3116
"Tue","22 Jan 2019 04:03:07",33.09,19,66.2
"Tue","22 Jan 2019 04:04:08",33.628,19.062,66.3116
"Tue","22 Jan 2019 04:05:08",33.628,19.062,66.3116
"Tue","22 Jan 2019 04:06:07",33.628,19.062,66.3116
"Tue","22 Jan 2019 04:07:08",33.09,19.062,66.3116
"Tue","22 Jan 2019 04:08:08",33.628,19.062,66.3116
"Tue","22 Jan 2019 04:09:07",33.628,19.062,66.3116
"Tue","22 Jan 2019 04:10:08",34.166,19.062,66.3116
"Tue","22 Jan 2019 04:11:07",33.628,19.062,66.3116
"Tue","22 Jan 2019 04:12:08",33.628,19.125,66.425
"Tue","22 Jan 2019 04:13:07",33.628,19.125,66.425
"Tue","22 Jan 2019 04:14:07",33.628,19.125,66.425
"Tue","22 Jan 2019 04:15:07",33.628,19.125,66.425
"Tue","22 Jan 2019 04:16:08",34.166,19.125,66.425
"Tue","22 Jan 2019 04:17:07",33.628,19.125,66.425
"Tue","22 Jan 2019 04:18:07",33.628,19.125,66.425
"Tue","22 Jan 2019 04:19:07",33.628,19.187,66.5366
"Tue","22 Jan 2019 04:20:07",34.166,19.187,66.5366
"Tue","22 Jan 2019 04:21:07",33.628,19.25,66.65
"Tue","22 Jan 2019 04:22:07",33.628,19.25,66.65
"Tue","22 Jan 2019 04:23:07",34.166,19.25,66.65
"Tue","22 Jan 2019 04:24:07",34.166,19.25,66.65
"Tue","22 Jan 2019 04:25:07",34.166,19.25,66.65
"Tue","22 Jan 2019 04:26:07",34.166,19.25,66.65
"Tue","22 Jan 2019 04:27:07",34.166,19.25,66.65
"Tue","22 Jan 2019 04:28:07",33.628,19.25,66.65
"Tue","22 Jan 2019 04:29:08",34.166,19.25,66.65
"Tue","22 Jan 2019 04:30:08",33.628,19.312,66.7616
"Tue","22 Jan 2019 04:31:07",34.166,19.312,66.7616
"Tue","22 Jan 2019 04:32:08",33.628,19.312,66.7616
"Tue","22 Jan 2019 04:33:07",34.166,19.312,66.7616
"Tue","22 Jan 2019 04:34:07",34.166,19.312,66.7616
"Tue","22 Jan 2019 04:35:07",34.166,19.312,66.7616
"Tue","22 Jan 2019 04:36:07",34.166,19.312,66.7616
"Tue","22 Jan 2019 04:37:07",34.166,19.312,66.7616
"Tue","22 Jan 2019 04:38:07",33.628,19.312,66.7616
"Tue","22 Jan 2019 04:39:07",34.166,19.312,66.7616
"Tue","22 Jan 2019 04:40:08",34.166,19.312,66.7616
"Tue","22 Jan 2019 04:41:07",33.628,19.312,66.7616
"Tue","22 Jan 2019 04:42:07",34.166,19.375,66.875
"Tue","22 Jan 2019 04:43:08",34.704,19.312,66.7616
"Tue","22 Jan 2019 04:44:08",34.166,19.375,66.875
"Tue","22 Jan 2019 04:45:07",34.704,19.375,66.875
"Tue","22 Jan 2019 04:46:07",34.166,19.312,66.7616
"Tue","22 Jan 2019 04:47:07",34.704,19.375,66.875
"Tue","22 Jan 2019 04:48:07",34.166,19.312,66.7616
"Tue","22 Jan 2019 04:49:08",34.166,19.312,66.7616
"Tue","22 Jan 2019 04:50:07",34.166,19.312,66.7616
"Tue","22 Jan 2019 04:51:08",34.704,19.312,66.7616
"Tue","22 Jan 2019 04:52:07",34.166,19.312,66.7616
"Tue","22 Jan 2019 04:53:07",33.628,19.312,66.7616
"Tue","22 Jan 2019 04:54:07",33.628,19.312,66.7616
"Tue","22 Jan 2019 04:55:07",33.628,19.312,66.7616
"Tue","22 Jan 2019 04:56:07",34.166,19.312,66.7616
"Tue","22 Jan 2019 04:57:07",33.628,19.312,66.7616
"Tue","22 Jan 2019 04:58:08",34.166,19.312,66.7616
"Tue","22 Jan 2019 04:59:07",34.166,19.312,66.7616
"Tue","22 Jan 2019 06:00:07",33.628,19.375,66.875
"Tue","22 Jan 2019 06:01:08",33.628,19.375,66.875
"Tue","22 Jan 2019 06:02:07",33.09,19.375,66.875
"Tue","22 Jan 2019 06:03:07",34.166,19.437,66.9866
"Tue","22 Jan 2019 06:04:08",33.628,19.437,66.9866
"Tue","22 Jan 2019 06:05:07",33.628,19.437,66.9866
"Tue","22 Jan 2019 06:06:07",33.628,19.5,67.1
"Tue","22 Jan 2019 06:07:07",34.166,19.5,67.1
"Tue","22 Jan 2019 06:08:08",34.166,19.562,67.2116
"Tue","22 Jan 2019 06:09:08",34.166,19.562,67.2116
"Tue","22 Jan 2019 06:10:08",34.166,19.562,67.2116
"Tue","22 Jan 2019 06:11:08",34.166,19.625,67.325
"Tue","22 Jan 2019 06:12:08",34.166,19.625,67.325
"Tue","22 Jan 2019 06:13:08",34.166,19.625,67.325
"Tue","22 Jan 2019 06:14:07",34.704,19.687,67.4366
"Tue","22 Jan 2019 06:15:08",34.704,19.687,67.4366
"Tue","22 Jan 2019 06:16:07",34.704,19.75,67.55
"Tue","22 Jan 2019 06:17:07",34.166,19.75,67.55
"Tue","22 Jan 2019 06:18:07",34.166,19.812,67.6616
"Tue","22 Jan 2019 06:19:07",34.704,19.812,67.6616
"Tue","22 Jan 2019 06:20:07",34.704,19.875,67.775
"Tue","22 Jan 2019 06:21:08",34.704,19.875,67.775
"Tue","22 Jan 2019 06:22:07",34.704,19.937,67.8866
"Tue","22 Jan 2019 06:23:07",34.704,19.937,67.8866
"Tue","22 Jan 2019 06:24:07",34.704,20,68
"Tue","22 Jan 2019 06:25:11",35.78,20,68
"Tue","22 Jan 2019 06:26:07",35.242,20,68
"Tue","22 Jan 2019 06:27:07",34.704,20.062,68.1116
"Tue","22 Jan 2019 06:28:12",35.78,20.062,68.1116
"Tue","22 Jan 2019 06:29:07",34.704,20.125,68.225
"Tue","22 Jan 2019 06:30:07",35.242,20.125,68.225
"Tue","22 Jan 2019 06:31:08",35.242,20.187,68.3366
"Tue","22 Jan 2019 06:32:08",34.704,20.25,68.45
"Tue","22 Jan 2019 06:33:08",34.704,20.25,68.45
"Tue","22 Jan 2019 06:34:08",34.704,20.25,68.45
"Tue","22 Jan 2019 06:35:07",35.78,20.312,68.5616
"Tue","22 Jan 2019 06:36:07",35.242,20.312,68.5616
"Tue","22 Jan 2019 06:37:07",35.242,20.375,68.675
"Tue","22 Jan 2019 06:38:07",35.242,20.375,68.675
"Tue","22 Jan 2019 06:39:08",34.704,20.437,68.7866
"Tue","22 Jan 2019 06:40:08",35.242,20.437,68.7866
"Tue","22 Jan 2019 06:41:07",35.242,20.437,68.7866
"Tue","22 Jan 2019 06:42:07",35.78,20.5,68.9
"Tue","22 Jan 2019 06:43:08",34.704,20.5,68.9
"Tue","22 Jan 2019 06:44:07",35.242,20.5,68.9
"Tue","22 Jan 2019 06:45:08",35.78,20.562,69.0116
"Tue","22 Jan 2019 06:46:07",35.242,20.562,69.0116
"Tue","22 Jan 2019 06:47:07",34.704,20.562,69.0116
"Tue","22 Jan 2019 06:48:07",35.78,20.562,69.0116
"Tue","22 Jan 2019 06:49:08",35.242,20.625,69.125
"Tue","22 Jan 2019 06:50:07",35.78,20.625,69.125
"Tue","22 Jan 2019 06:51:08",35.242,20.625,69.125
"Tue","22 Jan 2019 06:52:07",35.78,20.625,69.125
"Tue","22 Jan 2019 06:53:07",35.242,20.625,69.125
"Tue","22 Jan 2019 06:54:07",35.78,20.625,69.125
"Tue","22 Jan 2019 06:55:08",35.78,20.687,69.2366
"Tue","22 Jan 2019 06:56:08",35.78,20.687,69.2366
"Tue","22 Jan 2019 06:57:07",35.242,20.687,69.2366
"Tue","22 Jan 2019 06:58:07",35.78,20.687,69.2366
"Tue","22 Jan 2019 06:59:07",35.78,20.75,69.35
"Tue","22 Jan 2019 08:00:07",34.704,20.875,69.575
"Tue","22 Jan 2019 08:01:07",34.704,20.875,69.575
"Tue","22 Jan 2019 08:02:07",34.704,20.875,69.575
"Tue","22 Jan 2019 08:03:07",35.78,20.875,69.575
"Tue","22 Jan 2019 08:04:08",34.704,20.875,69.575
"Tue","22 Jan 2019 08:05:07",34.704,20.875,69.575
"Tue","22 Jan 2019 08:06:07",35.242,20.875,69.575
"Tue","22 Jan 2019 08:07:07",35.78,20.875,69.575
"Tue","22 Jan 2019 08:08:07",34.704,20.875,69.575
"Tue","22 Jan 2019 08:09:07",34.704,20.875,69.575
"Tue","22 Jan 2019 08:10:07",35.78,20.875,69.575
"Tue","22 Jan 2019 08:11:07",35.78,20.875,69.575
"Tue","22 Jan 2019 08:12:07",35.242,20.875,69.575
"Tue","22 Jan 2019 08:13:08",35.78,20.875,69.575
"Tue","22 Jan 2019 08:14:07",35.78,20.875,69.575
"Tue","22 Jan 2019 08:15:07",35.78,20.875,69.575
"Tue","22 Jan 2019 08:16:07",35.78,20.875,69.575
"Tue","22 Jan 2019 08:17:07",35.78,20.875,69.575
"Tue","22 Jan 2019 08:18:08",35.78,20.875,69.575
"Tue","22 Jan 2019 08:19:07",35.242,20.875,69.575
"Tue","22 Jan 2019 08:20:07",35.78,20.875,69.575
"Tue","22 Jan 2019 08:21:07",35.78,20.875,69.575
"Tue","22 Jan 2019 08:22:07",35.78,20.875,69.575
"Tue","22 Jan 2019 08:23:07",35.78,20.875,69.575
"Tue","22 Jan 2019 08:24:08",35.78,20.875,69.575
"Tue","22 Jan 2019 08:25:08",35.78,20.875,69.575
"Tue","22 Jan 2019 08:26:07",35.78,20.875,69.575
"Tue","22 Jan 2019 08:27:07",35.78,20.875,69.575
"Tue","22 Jan 2019 08:28:08",35.78,20.875,69.575
"Tue","22 Jan 2019 08:29:07",35.78,20.812,69.4616
"Tue","22 Jan 2019 08:30:07",35.78,20.812,69.4616
"Tue","22 Jan 2019 08:31:07",35.78,20.812,69.4616
"Tue","22 Jan 2019 08:32:07",35.78,20.812,69.4616
"Tue","22 Jan 2019 08:33:07",35.78,20.812,69.4616
"Tue","22 Jan 2019 08:34:07",35.78,20.812,69.4616
"Tue","22 Jan 2019 08:35:07",35.78,20.812,69.4616
"Tue","22 Jan 2019 08:36:07",35.242,20.812,69.4616
"Tue","22 Jan 2019 08:37:08",35.78,20.812,69.4616
"Tue","22 Jan 2019 08:38:07",35.242,20.812,69.4616
"Tue","22 Jan 2019 08:39:07",34.704,20.75,69.35
"Tue","22 Jan 2019 08:40:08",35.78,20.75,69.35
"Tue","22 Jan 2019 08:41:07",35.242,20.75,69.35
"Tue","22 Jan 2019 08:42:08",35.78,20.75,69.35
"Tue","22 Jan 2019 08:43:07",35.78,20.75,69.35
"Tue","22 Jan 2019 08:44:07",35.242,20.75,69.35
"Tue","22 Jan 2019 08:45:07",35.78,20.75,69.35
"Tue","22 Jan 2019 08:46:07",35.78,20.75,69.35
"Tue","22 Jan 2019 08:47:07",35.242,20.687,69.2366
"Tue","22 Jan 2019 08:48:07",35.242,20.687,69.2366
"Tue","22 Jan 2019 08:49:07",35.242,20.687,69.2366
"Tue","22 Jan 2019 08:50:07",35.242,20.625,69.125
"Tue","22 Jan 2019 08:51:07",34.704,20.687,69.2366
"Tue","22 Jan 2019 08:52:08",34.704,20.625,69.125
"Tue","22 Jan 2019 08:53:07",35.242,20.625,69.125
"Tue","22 Jan 2019 08:54:07",35.242,20.625,69.125
"Tue","22 Jan 2019 08:55:07",34.704,20.625,69.125
"Tue","22 Jan 2019 08:56:07",35.78,20.625,69.125
"Tue","22 Jan 2019 08:57:07",35.242,20.625,69.125
"Tue","22 Jan 2019 08:58:07",35.78,20.625,69.125
"Tue","22 Jan 2019 08:59:07",35.78,20.562,69.0116
"Tue","22 Jan 2019 10:00:07",34.704,20.5,68.9
"Tue","22 Jan 2019 10:01:08",34.704,20.5,68.9
"Tue","22 Jan 2019 10:02:08",34.704,20.5,68.9
"Tue","22 Jan 2019 10:03:07",34.704,20.5,68.9
"Tue","22 Jan 2019 10:04:07",34.704,20.5,68.9
"Tue","22 Jan 2019 10:05:07",34.704,20.5,68.9
"Tue","22 Jan 2019 10:06:08",35.242,20.437,68.7866
"Tue","22 Jan 2019 10:07:07",34.704,20.437,68.7866
"Tue","22 Jan 2019 10:08:07",34.704,20.437,68.7866
"Tue","22 Jan 2019 10:09:08",35.242,20.437,68.7866
"Tue","22 Jan 2019 10:10:07",34.704,20.437,68.7866
"Tue","22 Jan 2019 10:11:07",34.704,20.437,68.7866
"Tue","22 Jan 2019 10:12:07",34.704,20.437,68.7866
"Tue","22 Jan 2019 10:13:07",34.704,20.437,68.7866
"Tue","22 Jan 2019 10:14:07",35.242,20.437,68.7866
"Tue","22 Jan 2019 10:15:07",35.242,20.437,68.7866
"Tue","22 Jan 2019 10:16:07",34.704,20.437,68.7866
"Tue","22 Jan 2019 10:17:08",34.704,20.375,68.675
"Tue","22 Jan 2019 10:18:07",34.704,20.375,68.675
"Tue","22 Jan 2019 10:19:07",34.704,20.375,68.675
"Tue","22 Jan 2019 10:20:07",34.704,20.375,68.675
"Tue","22 Jan 2019 10:21:07",34.704,20.375,68.675
"Tue","22 Jan 2019 10:22:07",34.704,20.375,68.675
"Tue","22 Jan 2019 10:23:07",35.242,20.375,68.675
"Tue","22 Jan 2019 10:24:08",34.704,20.312,68.5616
"Tue","22 Jan 2019 10:25:07",34.704,20.312,68.5616
"Tue","22 Jan 2019 10:26:07",34.704,20.312,68.5616
"Tue","22 Jan 2019 10:27:07",35.242,20.312,68.5616
"Tue","22 Jan 2019 10:28:07",34.166,20.312,68.5616
"Tue","22 Jan 2019 10:29:08",34.704,20.312,68.5616
"Tue","22 Jan 2019 10:30:07",34.704,20.25,68.45
"Tue","22 Jan 2019 10:31:07",34.704,20.25,68.45
"Tue","22 Jan 2019 10:32:07",34.704,20.25,68.45
"Tue","22 Jan 2019 10:33:07",34.704,20.25,68.45
"Tue","22 Jan 2019 10:34:07",34.704,20.25,68.45
"Tue","22 Jan 2019 10:35:07",34.704,20.25,68.45
"Tue","22 Jan 2019 10:36:07",35.242,20.187,68.3366
"Tue","22 Jan 2019 10:37:07",34.704,20.187,68.3366
"Tue","22 Jan 2019 10:38:07",35.242,20.187,68.3366
"Tue","22 Jan 2019 10:39:07",34.704,20.187,68.3366
"Tue","22 Jan 2019 10:40:07",34.704,20.125,68.225
"Tue","22 Jan 2019 10:41:07",35.242,20.125,68.225
"Tue","22 Jan 2019 10:42:08",34.704,20.125,68.225
"Tue","22 Jan 2019 10:43:08",35.242,20.125,68.225
"Tue","22 Jan 2019 10:44:07",34.704,20.125,68.225
"Tue","22 Jan 2019 10:45:07",34.704,20.125,68.225
"Tue","22 Jan 2019 10:46:07",34.704,20.062,68.1116
"Tue","22 Jan 2019 10:47:07",34.704,20.062,68.1116
"Tue","22 Jan 2019 10:48:07",34.704,20.062,68.1116
"Tue","22 Jan 2019 10:49:08",34.704,20.062,68.1116
"Tue","22 Jan 2019 10:50:07",34.704,20.062,68.1116
"Tue","22 Jan 2019 10:51:08",35.242,20.062,68.1116
"Tue","22 Jan 2019 10:52:07",34.166,20.062,68.1116
"Tue","22 Jan 2019 10:53:07",34.704,20.062,68.1116
"Tue","22 Jan 2019 10:54:07",34.704,20.062,68.1116
"Tue","22 Jan 2019 10:55:07",34.704,20.062,68.1116
"Tue","22 Jan 2019 10:56:07",34.704,20.062,68.1116
"Tue","22 Jan 2019 10:57:07",34.704,20.062,68.1116
"Tue","22 Jan 2019 10:58:08",34.704,20.062,68.1116
"Tue","22 Jan 2019 10:59:07",34.704,20.062,68.1116
"Tue","22 Jan 2019 12:00:07",34.166,20.187,68.3366
"Tue","22 Jan 2019 12:01:07",34.704,20.187,68.3366
"Tue","22 Jan 2019 12:02:07",34.166,20.187,68.3366
"Tue","22 Jan 2019 12:03:07",34.166,20.187,68.3366
"Tue","22 Jan 2019 12:04:07",34.704,20.187,68.3366
"Tue","22 Jan 2019 12:05:07",34.704,20.187,68.3366
"Tue","22 Jan 2019 12:06:08",34.704,20.125,68.225
"Tue","22 Jan 2019 12:07:07",34.704,20.125,68.225
"Tue","22 Jan 2019 12:08:07",34.704,20.125,68.225
"Tue","22 Jan 2019 12:09:07",34.704,20.125,68.225
"Tue","22 Jan 2019 12:10:08",34.704,20.125,68.225
"Tue","22 Jan 2019 12:11:08",34.704,20.125,68.225
"Tue","22 Jan 2019 12:12:07",34.704,20.125,68.225
"Tue","22 Jan 2019 12:13:07",34.166,20.125,68.225
"Tue","22 Jan 2019 12:14:08",34.704,20.062,68.1116
"Tue","22 Jan 2019 12:15:07",34.704,20.062,68.1116
"Tue","22 Jan 2019 12:16:07",34.704,20.062,68.1116
"Tue","22 Jan 2019 12:17:08",34.704,20.062,68.1116
"Tue","22 Jan 2019 12:18:07",34.704,20.062,68.1116
"Tue","22 Jan 2019 12:19:07",34.704,20.062,68.1116
"Tue","22 Jan 2019 12:20:07",34.704,20.062,68.1116
"Tue","22 Jan 2019 12:21:07",34.704,20,68
"Tue","22 Jan 2019 12:22:08",34.704,20,68
"Tue","22 Jan 2019 12:23:07",34.704,20,68
"Tue","22 Jan 2019 12:24:07",34.704,20,68
"Tue","22 Jan 2019 12:25:07",34.704,20,68
"Tue","22 Jan 2019 12:26:07",34.704,19.937,67.8866
"Tue","22 Jan 2019 12:27:07",34.704,19.937,67.8866
"Tue","22 Jan 2019 12:28:07",34.704,19.937,67.8866
"Tue","22 Jan 2019 12:29:07",34.166,19.937,67.8866
"Tue","22 Jan 2019 12:30:08",34.704,19.937,67.8866
"Tue","22 Jan 2019 12:31:07",34.704,19.937,67.8866
"Tue","22 Jan 2019 12:32:07",34.166,19.875,67.775
"Tue","22 Jan 2019 12:33:07",34.166,19.875,67.775
"Tue","22 Jan 2019 12:34:07",34.704,19.875,67.775
"Tue","22 Jan 2019 12:35:07",34.704,19.875,67.775
"Tue","22 Jan 2019 12:36:07",34.704,19.812,67.6616
"Tue","22 Jan 2019 12:37:07",34.166,19.812,67.6616
"Tue","22 Jan 2019 12:38:08",34.704,19.812,67.6616
"Tue","22 Jan 2019 12:39:07",34.704,19.812,67.6616
"Tue","22 Jan 2019 12:40:07",34.166,19.812,67.6616
"Tue","22 Jan 2019 12:41:07",34.704,19.75,67.55
"Tue","22 Jan 2019 12:42:07",34.704,19.75,67.55
"Tue","22 Jan 2019 12:43:08",34.166,19.75,67.55
"Tue","22 Jan 2019 12:44:07",34.166,19.75,67.55
"Tue","22 Jan 2019 12:45:07",34.704,19.75,67.55
"Tue","22 Jan 2019 12:46:07",34.704,19.687,67.4366
"Tue","22 Jan 2019 12:47:07",34.704,19.687,67.4366
"Tue","22 Jan 2019 12:48:07",34.166,19.687,67.4366
"Tue","22 Jan 2019 12:49:07",34.704,19.625,67.325
"Tue","22 Jan 2019 12:50:08",34.704,19.625,67.325
"Tue","22 Jan 2019 12:51:07",34.704,19.625,67.325
"Tue","22 Jan 2019 12:52:07",34.166,19.625,67.325
"Tue","22 Jan 2019 12:53:08",34.166,19.625,67.325
"Tue","22 Jan 2019 12:54:07",34.166,19.625,67.325
"Tue","22 Jan 2019 12:55:07",34.166,19.562,67.2116
"Tue","22 Jan 2019 12:56:07",34.166,19.562,67.2116
"Tue","22 Jan 2019 12:57:07",34.166,19.562,67.2116
"Tue","22 Jan 2019 12:58:07",34.166,19.562,67.2116
"Tue","22 Jan 2019 12:59:07",34.166,19.562,67.2116
"Tue","22 Jan 2019 14:00:07",33.09,18.625,65.525
"Tue","22 Jan 2019 14:01:08",32.552,18.625,65.525
"Tue","22 Jan 2019 14:02:07",32.552,18.625,65.525
"Tue","22 Jan 2019 14:03:08",33.09,18.562,65.4116
"Tue","22 Jan 2019 14:04:07",33.09,18.562,65.4116
"Tue","22 Jan 2019 14:05:07",32.014,18.562,65.4116
"Tue","22 Jan 2019 14:06:08",33.628,18.562,65.4116
"Tue","22 Jan 2019 14:07:07",32.552,18.562,65.4116
"Tue","22 Jan 2019 14:08:07",32.552,18.5,65.3
"Tue","22 Jan 2019 14:09:07",33.09,18.5,65.3
"Tue","22 Jan 2019 14:10:08",33.09,18.5,65.3
"Tue","22 Jan 2019 14:11:07",33.09,18.437,65.1866
"Tue","22 Jan 2019 14:12:07",32.552,18.437,65.1866
"Tue","22 Jan 2019 14:13:07",33.09,18.437,65.1866
"Tue","22 Jan 2019 14:14:07",32.552,18.437,65.1866
"Tue","22 Jan 2019 14:15:08",33.09,18.437,65.1866
"Tue","22 Jan 2019 14:16:07",32.552,18.437,65.1866
"Tue","22 Jan 2019 14:17:07",32.552,18.375,65.075
"Tue","22 Jan 2019 14:18:07",32.552,18.375,65.075
"Tue","22 Jan 2019 14:19:08",33.628,18.375,65.075
"Tue","22 Jan 2019 14:20:08",34.166,18.375,65.075
"Tue","22 Jan 2019 14:21:08",34.166,18.375,65.075
"Tue","22 Jan 2019 14:22:08",34.704,18.375,65.075
"Tue","22 Jan 2019 14:23:08",34.166,18.375,65.075
"Tue","22 Jan 2019 14:24:08",34.704,18.375,65.075
"Tue","22 Jan 2019 14:25:08",34.704,18.375,65.075
"Tue","22 Jan 2019 14:26:08",34.704,18.375,65.075
"Tue","22 Jan 2019 14:27:08",34.704,18.375,65.075
"Tue","22 Jan 2019 14:28:09",34.704,18.437,65.1866
"Tue","22 Jan 2019 14:29:07",33.628,18.375,65.075
"Tue","22 Jan 2019 14:30:07",33.628,18.437,65.1866
"Tue","22 Jan 2019 14:31:07",33.09,18.437,65.1866
"Tue","22 Jan 2019 14:32:08",33.628,18.437,65.1866
"Tue","22 Jan 2019 14:33:07",33.628,18.437,65.1866
"Tue","22 Jan 2019 14:34:07",33.628,18.437,65.1866
"Tue","22 Jan 2019 14:35:08",33.628,18.437,65.1866
"Tue","22 Jan 2019 14:36:07",33.628,18.437,65.1866
"Tue","22 Jan 2019 14:37:07",33.628,18.5,65.3
"Tue","22 Jan 2019 14:38:07",33.628,18.5,65.3
"Tue","22 Jan 2019 14:39:07",33.628,18.5,65.3
"Tue","22 Jan 2019 14:40:07",33.628,18.5,65.3
"Tue","22 Jan 2019 14:41:08",33.628,18.5,65.3
"Tue","22 Jan 2019 14:42:07",33.09,18.5,65.3
"Tue","22 Jan 2019 14:43:07",33.628,18.562,65.4116
"Tue","22 Jan 2019 14:44:07",33.628,18.562,65.4116
"Tue","22 Jan 2019 14:45:07",33.628,18.562,65.4116
"Tue","22 Jan 2019 14:46:07",33.628,18.562,65.4116
"Tue","22 Jan 2019 14:47:07",33.628,18.625,65.525
"Tue","22 Jan 2019 14:48:07",33.628,18.625,65.525
"Tue","22 Jan 2019 14:49:08",33.628,18.625,65.525
"Tue","22 Jan 2019 14:50:07",33.628,18.625,65.525
"Tue","22 Jan 2019 14:51:08",33.628,18.687,65.6366
"Tue","22 Jan 2019 14:52:07",34.166,18.687,65.6366
"Tue","22 Jan 2019 14:53:07",33.628,18.687,65.6366
"Tue","22 Jan 2019 14:54:07",33.628,18.75,65.75
"Tue","22 Jan 2019 14:55:08",33.628,18.75,65.75
"Tue","22 Jan 2019 14:56:07",33.628,18.812,65.8616
"Tue","22 Jan 2019 14:57:07",33.628,18.812,65.8616
"Tue","22 Jan 2019 14:58:08",34.166,18.812,65.8616
"Tue","22 Jan 2019 14:59:08",33.628,18.812,65.8616
"Tue","22 Jan 2019 16:00:07",32.552,18.875,65.975
"Tue","22 Jan 2019 16:01:07",32.552,18.875,65.975
"Tue","22 Jan 2019 16:02:08",33.628,18.875,65.975
"Tue","22 Jan 2019 16:03:08",33.628,18.875,65.975
"Tue","22 Jan 2019 16:04:07",32.552,18.875,65.975
"Tue","22 Jan 2019 16:05:07",33.09,18.875,65.975
"Tue","22 Jan 2019 16:06:08",33.628,18.875,65.975
"Tue","22 Jan 2019 16:07:07",33.628,18.875,65.975
"Tue","22 Jan 2019 16:08:08",33.628,18.812,65.8616
"Tue","22 Jan 2019 16:09:07",33.09,18.812,65.8616
"Tue","22 Jan 2019 16:10:07",33.628,18.812,65.8616
"Tue","22 Jan 2019 16:11:08",33.628,18.812,65.8616
"Tue","22 Jan 2019 16:12:08",33.628,18.812,65.8616
"Tue","22 Jan 2019 16:13:07",33.628,18.812,65.8616
"Tue","22 Jan 2019 16:14:07",33.628,18.812,65.8616
"Tue","22 Jan 2019 16:15:07",33.628,18.812,65.8616
"Tue","22 Jan 2019 16:16:07",33.628,18.75,65.75
"Tue","22 Jan 2019 16:17:07",33.628,18.75,65.75
"Tue","22 Jan 2019 16:18:07",33.628,18.75,65.75
"Tue","22 Jan 2019 16:19:07",33.628,18.75,65.75
"Tue","22 Jan 2019 16:20:07",33.09,18.75,65.75
"Tue","22 Jan 2019 16:21:08",33.628,18.75,65.75
"Tue","22 Jan 2019 16:22:07",33.628,18.687,65.6366
"Tue","22 Jan 2019 16:23:07",33.628,18.687,65.6366
"Tue","22 Jan 2019 16:24:07",33.628,18.687,65.6366
"Tue","22 Jan 2019 16:25:07",33.628,18.687,65.6366
"Tue","22 Jan 2019 16:26:07",33.628,18.687,65.6366
"Tue","22 Jan 2019 16:27:07",33.628,18.625,65.525
"Tue","22 Jan 2019 16:28:08",32.552,18.625,65.525
"Tue","22 Jan 2019 16:29:07",33.09,18.625,65.525
"Tue","22 Jan 2019 16:30:07",33.09,18.625,65.525
"Tue","22 Jan 2019 16:31:08",33.628,18.625,65.525
"Tue","22 Jan 2019 16:32:07",33.628,18.625,65.525
"Tue","22 Jan 2019 16:33:07",32.552,18.625,65.525
"Tue","22 Jan 2019 16:34:07",33.628,18.562,65.4116
"Tue","22 Jan 2019 16:35:07",33.09,18.562,65.4116
"Tue","22 Jan 2019 16:36:07",33.09,18.562,65.4116
"Tue","22 Jan 2019 16:37:07",33.628,18.562,65.4116
"Tue","22 Jan 2019 16:38:07",33.628,18.562,65.4116
"Tue","22 Jan 2019 16:39:07",33.09,18.562,65.4116
"Tue","22 Jan 2019 16:40:07",33.09,18.562,65.4116
"Tue","22 Jan 2019 16:41:07",32.552,18.562,65.4116
"Tue","22 Jan 2019 16:42:07",33.09,18.562,65.4116
"Tue","22 Jan 2019 16:43:07",33.628,18.562,65.4116
"Tue","22 Jan 2019 16:44:08",33.628,18.562,65.4116
"Tue","22 Jan 2019 16:45:07",32.552,18.562,65.4116
"Tue","22 Jan 2019 16:46:08",33.09,18.562,65.4116
"Tue","22 Jan 2019 16:47:07",33.09,18.562,65.4116
"Tue","22 Jan 2019 16:48:07",33.09,18.562,65.4116
"Tue","22 Jan 2019 16:49:08",33.628,18.562,65.4116
"Tue","22 Jan 2019 16:50:07",33.628,18.562,65.4116
"Tue","22 Jan 2019 16:51:07",33.628,18.562,65.4116
"Tue","22 Jan 2019 16:52:07",33.628,18.562,65.4116
"Tue","22 Jan 2019 16:53:07",33.628,18.562,65.4116
"Tue","22 Jan 2019 16:54:08",33.09,18.562,65.4116
"Tue","22 Jan 2019 16:55:07",33.09,18.625,65.525
"Tue","22 Jan 2019 16:56:07",34.166,18.625,65.525
"Tue","22 Jan 2019 16:57:07",33.628,18.625,65.525
"Tue","22 Jan 2019 16:58:07",33.628,18.625,65.525
"Tue","22 Jan 2019 16:59:08",33.628,18.625,65.525
"Tue","22 Jan 2019 18:00:07",33.09,18.875,65.975
"Tue","22 Jan 2019 18:01:07",32.552,18.812,65.8616
"Tue","22 Jan 2019 18:02:07",33.09,18.812,65.8616
"Tue","22 Jan 2019 18:03:08",33.628,18.812,65.8616
"Tue","22 Jan 2019 18:04:07",32.552,18.812,65.8616
"Tue","22 Jan 2019 18:05:08",33.09,18.812,65.8616
"Tue","22 Jan 2019 18:06:07",33.09,18.812,65.8616
"Tue","22 Jan 2019 18:07:07",33.628,18.812,65.8616
"Tue","22 Jan 2019 18:08:07",33.628,18.812,65.8616
"Tue","22 Jan 2019 18:09:07",33.09,18.812,65.8616
"Tue","22 Jan 2019 18:10:07",33.628,18.75,65.75
"Tue","22 Jan 2019 18:11:07",33.628,18.75,65.75
"Tue","22 Jan 2019 18:12:07",33.628,18.75,65.75
"Tue","22 Jan 2019 18:13:07",33.628,18.75,65.75
"Tue","22 Jan 2019 18:14:07",32.552,18.75,65.75
"Tue","22 Jan 2019 18:15:07",33.628,18.75,65.75
"Tue","22 Jan 2019 18:16:07",33.628,18.75,65.75
"Tue","22 Jan 2019 18:17:07",33.628,18.75,65.75
"Tue","22 Jan 2019 18:18:08",33.628,18.75,65.75
"Tue","22 Jan 2019 18:19:07",32.552,18.75,65.75
"Tue","22 Jan 2019 18:20:07",33.628,18.75,65.75
"Tue","22 Jan 2019 18:21:08",33.628,18.687,65.6366
"Tue","22 Jan 2019 18:22:07",33.09,18.687,65.6366
"Tue","22 Jan 2019 18:23:07",33.628,18.75,65.75
"Tue","22 Jan 2019 18:24:07",33.628,18.687,65.6366
"Tue","22 Jan 2019 18:25:08",33.628,18.75,65.75
"Tue","22 Jan 2019 18:26:07",33.628,18.75,65.75
"Tue","22 Jan 2019 18:27:08",33.628,18.75,65.75
"Tue","22 Jan 2019 18:28:08",33.628,18.75,65.75
"Tue","22 Jan 2019 18:29:08",33.628,18.75,65.75
"Tue","22 Jan 2019 18:30:08",33.628,18.75,65.75
"Tue","22 Jan 2019 18:31:08",33.628,18.75,65.75
"Tue","22 Jan 2019 18:32:07",33.628,18.75,65.75
"Tue","22 Jan 2019 18:33:07",33.09,18.812,65.8616
"Tue","22 Jan 2019 18:34:08",33.628,18.812,65.8616
"Tue","22 Jan 2019 18:35:07",34.166,18.812,65.8616
"Tue","22 Jan 2019 18:36:07",33.628,18.812,65.8616
"Tue","22 Jan 2019 18:37:07",33.628,18.812,65.8616
"Tue","22 Jan 2019 18:38:08",33.628,18.875,65.975
"Tue","22 Jan 2019 18:39:07",33.628,18.875,65.975
"Tue","22 Jan 2019 18:40:08",33.628,18.875,65.975
"Tue","22 Jan 2019 18:41:07",34.166,18.875,65.975
"Tue","22 Jan 2019 18:42:07",33.628,18.875,65.975
"Tue","22 Jan 2019 18:43:07",33.628,18.937,66.0866
"Tue","22 Jan 2019 18:44:08",33.628,18.937,66.0866
"Tue","22 Jan 2019 18:45:07",33.628,18.937,66.0866
"Tue","22 Jan 2019 18:46:07",33.628,18.937,66.0866
"Tue","22 Jan 2019 18:47:07",33.628,18.937,66.0866
"Tue","22 Jan 2019 18:48:07",34.166,18.937,66.0866
"Tue","22 Jan 2019 18:49:08",33.628,19,66.2
"Tue","22 Jan 2019 18:50:07",34.166,19,66.2
"Tue","22 Jan 2019 18:51:08",34.704,19,66.2
"Tue","22 Jan 2019 18:52:08",35.242,19,66.2
"Tue","22 Jan 2019 18:53:08",34.704,19,66.2
"Tue","22 Jan 2019 18:54:08",34.704,19,66.2
"Tue","22 Jan 2019 18:55:08",35.78,19.062,66.3116
"Tue","22 Jan 2019 18:56:08",35.242,19.062,66.3116
"Tue","22 Jan 2019 18:57:08",35.78,19.062,66.3116
"Tue","22 Jan 2019 18:58:08",35.78,19.062,66.3116
"Tue","22 Jan 2019 18:59:09",35.78,19.062,66.3116
"Tue","22 Jan 2019 19:10:43",38.47,19.625,67.325
"Tue","22 Jan 2019 20:00:07",39.546,23.125,73.625
"Tue","22 Jan 2019 21:00:07",37.932,22.937,73.2866
"Tue","22 Jan 2019 22:00:07",34.704,21.125,70.025
"Tue","22 Jan 2019 23:00:07",33.628,20.375,68.675
"Wed","23 Jan 2019 00:00:08",33.628,19.312,66.7616
"Wed","23 Jan 2019 01:00:07",32.552,18.375,65.075
"Wed","23 Jan 2019 02:00:08",33.628,18.875,65.975
"Wed","23 Jan 2019 03:00:08",33.09,18.562,65.4116
"Wed","23 Jan 2019 04:00:08",33.09,18.812,65.8616
"Wed","23 Jan 2019 05:00:08",33.628,18.875,65.975
"Wed","23 Jan 2019 06:00:08",33.09,19,66.2
"Wed","23 Jan 2019 07:00:07",34.704,20.562,69.0116
"Wed","23 Jan 2019 08:00:07",34.704,20.625,69.125
"Wed","23 Jan 2019 09:00:07",33.628,19.875,67.775
"Wed","23 Jan 2019 10:00:07",34.704,20.25,68.45
"Wed","23 Jan 2019 11:00:07",34.166,20.125,68.225
"Wed","23 Jan 2019 12:00:07",34.166,19.812,67.6616
"Wed","23 Jan 2019 13:00:08",34.166,20.312,68.5616
"Wed","23 Jan 2019 14:00:07",34.166,19.937,67.8866
"Wed","23 Jan 2019 15:00:07",34.704,20.25,68.45
"Wed","23 Jan 2019 16:00:08",34.166,20.437,68.7866
"Wed","23 Jan 2019 17:00:07",34.704,19.937,67.8866
"Wed","23 Jan 2019 18:00:08",35.242,20.437,68.7866
"Wed","23 Jan 2019 19:00:07",34.166,20.062,68.1116
"Wed","23 Jan 2019 20:00:07",33.628,20.125,68.225
"Wed","23 Jan 2019 21:00:12",36.856,20.437,68.7866
"Wed","23 Jan 2019 22:00:07",35.78,21.5,70.7
"Wed","23 Jan 2019 23:00:07",35.78,21.625,70.925
"Thu","24 Jan 2019 00:00:08",34.704,21,69.8
"Thu","24 Jan 2019 01:00:08",34.166,20.187,68.3366
"Thu","24 Jan 2019 02:00:08",33.09,19.312,66.7616
"Thu","24 Jan 2019 03:00:07",32.552,18.437,65.1866
"Thu","24 Jan 2019 04:00:08",31.476,17.937,64.2866
"Thu","24 Jan 2019 05:00:08",33.09,18.562,65.4116
"Thu","24 Jan 2019 06:00:08",34.704,19.687,67.4366
"Thu","24 Jan 2019 07:00:12",35.242,20.375,68.675
"Thu","24 Jan 2019 08:00:08",33.628,19.687,67.4366
"Thu","24 Jan 2019 09:00:08",34.166,20.125,68.225
"Thu","24 Jan 2019 10:00:08",33.628,19.5,67.1
"Thu","24 Jan 2019 11:00:09",34.704,19.687,67.4366
"Thu","24 Jan 2019 12:00:08",33.628,19.312,66.7616
"Thu","24 Jan 2019 13:00:07",32.552,18.687,65.6366
"Thu","24 Jan 2019 14:00:08",31.476,17.687,63.8366
"Thu","24 Jan 2019 15:00:08",32.552,18.375,65.075
"Thu","24 Jan 2019 16:00:08",32.552,18.312,64.9616
"Thu","24 Jan 2019 17:00:08",33.09,18.687,65.6366
"Thu","24 Jan 2019 18:00:08",34.704,20.5,68.9
"Thu","24 Jan 2019 19:00:08",34.704,20.562,69.0116
"Thu","24 Jan 2019 20:00:08",35.242,20.687,69.2366
"Thu","24 Jan 2019 21:00:07",34.704,20.75,69.35
"Thu","24 Jan 2019 22:00:09",34.704,20.25,68.45
"Thu","24 Jan 2019 23:00:08",33.628,19.812,67.6616
"Fri","25 Jan 2019 00:00:08",32.552,18.5,65.3
"Fri","25 Jan 2019 01:00:09",31.476,17.625,63.725
"Fri","25 Jan 2019 02:00:09",32.552,18.312,64.9616
"Fri","25 Jan 2019 03:00:09",32.014,17.812,64.0616
"Fri","25 Jan 2019 04:00:09",32.552,18.437,65.1866
"Fri","25 Jan 2019 05:00:09",32.014,18,64.4
"Fri","25 Jan 2019 06:00:09",33.628,19.187,66.5366
"Fri","25 Jan 2019 07:00:08",34.166,20.062,68.1116
"Fri","25 Jan 2019 08:00:09",33.628,19.437,66.9866
"Fri","25 Jan 2019 09:00:09",34.704,20.125,68.225
"Fri","25 Jan 2019 10:00:08",33.628,19.5,67.1
"Fri","25 Jan 2019 11:00:08",34.704,20.187,68.3366
"Fri","25 Jan 2019 12:00:08",34.166,19.75,67.55
"Fri","25 Jan 2019 13:00:09",33.09,19.062,66.3116
"Fri","25 Jan 2019 14:00:09",34.704,20.125,68.225
"Fri","25 Jan 2019 15:00:08",33.628,19.875,67.775
"Fri","25 Jan 2019 16:00:08",32.552,18.937,66.0866
"Fri","25 Jan 2019 17:00:08",32.552,18,64.4
"Fri","25 Jan 2019 18:00:08",32.552,18.812,65.8616
"Fri","25 Jan 2019 19:00:08",32.552,18.437,65.1866
"Fri","25 Jan 2019 20:00:08",32.552,18.437,65.1866
"Fri","25 Jan 2019 21:00:08",33.09,18.687,65.6366
"Fri","25 Jan 2019 22:00:09",32.552,18.062,64.5116
"Fri","25 Jan 2019 23:00:09",33.628,18.937,66.0866
"Sat","26 Jan 2019 00:00:09",33.09,19,66.2
"Sat","26 Jan 2019 01:00:09",34.704,20.062,68.1116
"Sat","26 Jan 2019 02:00:09",33.628,19.5,67.1
"Sat","26 Jan 2019 03:00:09",32.552,18.312,64.9616
"Sat","26 Jan 2019 04:00:08",32.552,18.687,65.6366
"Sat","26 Jan 2019 05:00:09",33.628,18.75,65.75
"Sat","26 Jan 2019 06:00:09",34.166,19.5,67.1
"Sat","26 Jan 2019 07:00:09",34.704,20.312,68.5616
"Sat","26 Jan 2019 08:00:09",33.628,19.562,67.2116
"Sat","26 Jan 2019 09:00:09",34.704,20.375,68.675
"Sat","26 Jan 2019 10:00:09",34.704,20.25,68.45
"Sat","26 Jan 2019 11:00:08",33.628,19.562,67.2116
"Sat","26 Jan 2019 12:00:09",34.704,20.125,68.225
"Sat","26 Jan 2019 13:00:09",33.628,19.562,67.2116
"Sat","26 Jan 2019 14:00:09",34.704,20.187,68.3366
"Sat","26 Jan 2019 15:00:09",34.704,20.375,68.675
"Sat","26 Jan 2019 16:00:09",33.628,19.5,67.1
"Sat","26 Jan 2019 17:00:08",33.628,19.187,66.5366
"Sat","26 Jan 2019 18:00:07",35.242,21.562,70.8116
"Sat","26 Jan 2019 19:00:09",35.78,21.062,69.9116
"Sat","26 Jan 2019 20:00:08",34.166,20.937,69.6866
"Sat","26 Jan 2019 21:00:08",34.704,21.687,71.0366
"Sat","26 Jan 2019 22:00:09",34.704,20.625,69.125
"Sat","26 Jan 2019 23:00:08",33.09,19.375,66.875
"Sun","27 Jan 2019 00:00:09",32.552,18.312,64.9616
"Sun","27 Jan 2019 01:00:08",33.628,18.937,66.0866
"Sun","27 Jan 2019 02:00:09",32.552,18.312,64.9616
"Sun","27 Jan 2019 03:00:08",33.09,18.75,65.75
"Sun","27 Jan 2019 04:00:09",33.09,18.625,65.525
"Sun","27 Jan 2019 05:00:09",32.552,18.312,64.9616
"Sun","27 Jan 2019 06:00:08",34.166,19.687,67.4366
"Sun","27 Jan 2019 07:00:09",34.704,20,68
"Sun","27 Jan 2019 08:00:09",33.628,19.437,66.9866
"Sun","27 Jan 2019 09:00:08",34.704,20.187,68.3366
"Sun","27 Jan 2019 10:00:09",33.628,19.5,67.1
"Sun","27 Jan 2019 11:00:09",33.628,19.687,67.4366
"Sun","27 Jan 2019 12:00:09",34.166,19.812,67.6616
"Sun","27 Jan 2019 13:00:09",33.628,20,68
"Sun","27 Jan 2019 14:00:09",34.704,20.125,68.225
"Sun","27 Jan 2019 15:00:09",33.628,19.437,66.9866
"Sun","27 Jan 2019 16:00:08",34.166,20.437,68.7866
"Sun","27 Jan 2019 17:00:08",34.166,20.187,68.3366
"Sun","27 Jan 2019 18:00:08",34.704,21.125,70.025
"Sun","27 Jan 2019 19:00:08",36.318,21.937,71.4866
"Sun","27 Jan 2019 20:00:08",34.704,21.187,70.1366
"Sun","27 Jan 2019 21:00:08",34.704,21.25,70.25
"Sun","27 Jan 2019 22:00:08",35.78,22,71.6
"Sun","27 Jan 2019 23:00:10",35.78,20.312,68.5616
"Mon","28 Jan 2019 00:00:08",32.552,18.937,66.0866
"Mon","28 Jan 2019 01:00:09",32.552,18.312,64.9616
"Mon","28 Jan 2019 02:00:08",33.09,19.062,66.3116
"Mon","28 Jan 2019 03:00:09",33.628,18.5,65.3
"Mon","28 Jan 2019 04:00:09",32.014,17.812,64.0616
"Mon","28 Jan 2019 05:00:09",33.09,18.812,65.8616
"Mon","28 Jan 2019 06:00:08",34.704,20.312,68.5616
"Mon","28 Jan 2019 07:00:08",34.704,20,68
"Mon","28 Jan 2019 08:00:09",34.166,19.875,67.775
"Mon","28 Jan 2019 09:00:10",36.318,20.437,68.7866
"Mon","28 Jan 2019 10:00:09",34.704,20.125,68.225
"Mon","28 Jan 2019 11:00:10",35.242,20.437,68.7866
"Mon","28 Jan 2019 12:00:08",34.704,20.5,68.9
"Mon","28 Jan 2019 13:00:09",34.166,20.125,68.225
"Mon","28 Jan 2019 14:00:09",34.704,20.625,69.125
"Mon","28 Jan 2019 15:00:09",34.166,20,68
"Mon","28 Jan 2019 16:00:09",34.704,20.625,69.125
"Mon","28 Jan 2019 17:00:08",34.704,20.812,69.4616
"Mon","28 Jan 2019 18:00:08",34.704,20.312,68.5616
"Mon","28 Jan 2019 19:00:08",35.78,21.187,70.1366
"Mon","28 Jan 2019 20:00:09",34.704,20.875,69.575
"Mon","28 Jan 2019 21:00:08",33.628,19.875,67.775
"Mon","28 Jan 2019 22:00:08",34.166,19.75,67.55
"Mon","28 Jan 2019 23:00:08",34.166,19.812,67.6616
"Tue","29 Jan 2019 00:00:08",32.552,18.812,65.8616
"Tue","29 Jan 2019 01:00:08",31.476,17.937,64.2866
"Tue","29 Jan 2019 02:00:09",33.09,18.562,65.4116
"Tue","29 Jan 2019 03:00:07",32.014,18.062,64.5116
"Tue","29 Jan 2019 04:00:08",32.552,18.437,65.1866
"Tue","29 Jan 2019 05:00:07",32.014,18.437,65.1866
"Tue","29 Jan 2019 06:00:08",33.628,19.125,66.425
"Tue","29 Jan 2019 07:00:07",34.166,19.812,67.6616
"Tue","29 Jan 2019 08:00:08",33.628,20.062,68.1116
"Tue","29 Jan 2019 09:00:09",36.856,20.937,69.6866
"Tue","29 Jan 2019 10:00:07",34.166,20.875,69.575
"Tue","29 Jan 2019 11:00:07",34.166,20.625,69.125
"Tue","29 Jan 2019 12:00:08",33.628,20.437,68.7866
"Tue","29 Jan 2019 13:00:07",35.78,21.312,70.3616
"Tue","29 Jan 2019 14:00:08",34.704,20.5,68.9
"Tue","29 Jan 2019 15:00:08",34.166,20.437,68.7866
"Tue","29 Jan 2019 16:00:07",34.704,21.437,70.5866
"Tue","29 Jan 2019 17:00:07",34.704,21.75,71.15
"Tue","29 Jan 2019 18:00:08",34.166,21.312,70.3616
"Tue","29 Jan 2019 19:00:08",33.628,20.75,69.35
"Tue","29 Jan 2019 20:00:07",34.704,21.5,70.7
"Tue","29 Jan 2019 21:00:07",33.628,20.75,69.35
"Tue","29 Jan 2019 22:00:07",33.628,20.437,68.7866
"Tue","29 Jan 2019 23:00:07",34.166,21,69.8
"Wed","30 Jan 2019 00:00:07",33.628,20.437,68.7866
"Wed","30 Jan 2019 01:00:08",34.166,20.437,68.7866
"Wed","30 Jan 2019 02:00:08",33.628,19.375,66.875
"Wed","30 Jan 2019 03:00:08",33.628,19.875,67.775
"Wed","30 Jan 2019 04:00:08",33.628,19.562,67.2116
"Wed","30 Jan 2019 05:00:07",33.628,19.437,66.9866
"Wed","30 Jan 2019 06:00:07",34.166,20,68
"Wed","30 Jan 2019 07:00:07",32.552,18.875,65.975
"Wed","30 Jan 2019 08:00:08",33.09,19,66.2
"Wed","30 Jan 2019 09:00:07",33.628,19.375,66.875
"Wed","30 Jan 2019 10:00:08",34.704,20.875,69.575
"Wed","30 Jan 2019 11:00:08",35.78,21.812,71.2616
"Wed","30 Jan 2019 12:00:07",35.78,22.5,72.5
"Wed","30 Jan 2019 13:00:07",34.704,21.875,71.375
"Wed","30 Jan 2019 14:00:07",34.704,21.687,71.0366
"Wed","30 Jan 2019 15:00:07",35.78,21.937,71.4866
"Wed","30 Jan 2019 16:00:07",34.166,21.687,71.0366
"Wed","30 Jan 2019 17:00:07",35.78,22.125,71.825
"Wed","30 Jan 2019 18:00:07",34.166,21.75,71.15
"Wed","30 Jan 2019 19:00:08",35.78,22.25,72.05
"Wed","30 Jan 2019 20:00:07",34.166,20.562,69.0116
"Wed","30 Jan 2019 21:00:07",34.166,19.687,67.4366
"Wed","30 Jan 2019 22:00:08",34.704,20.125,68.225
"Wed","30 Jan 2019 23:00:07",33.628,10.312,50.5616
"Thu","31 Jan 2019 00:00:07",34.166,10.187,50.3366
"Thu","31 Jan 2019 01:00:07",33.628,10,50
"Thu","31 Jan 2019 02:00:08",34.704,10.187,50.3366
"Thu","31 Jan 2019 03:00:07",33.628,9.687,49.4366
"Thu","31 Jan 2019 04:00:07",34.166,9.937,49.8866
"Thu","31 Jan 2019 05:00:07",34.166,9.625,49.325
"Thu","31 Jan 2019 06:00:08",33.628,9.625,49.325
"Thu","31 Jan 2019 07:00:07",34.704,9.75,49.55
"Thu","31 Jan 2019 08:00:07",33.628,9.375,48.875
"Thu","31 Jan 2019 09:00:08",34.704,9.812,49.6616
"Thu","31 Jan 2019 10:00:08",34.704,10.437,50.7866
"Thu","31 Jan 2019 11:00:07",34.704,10.062,50.1116
"Thu","31 Jan 2019 12:00:07",33.628,9.625,49.325
"Thu","31 Jan 2019 13:00:08",34.704,10.062,50.1116
"Thu","31 Jan 2019 14:00:07",34.704,10.25,50.45
"Thu","31 Jan 2019 15:00:08",34.166,10.25,50.45
"Thu","31 Jan 2019 16:00:07",34.704,10.812,51.4616
"Thu","31 Jan 2019 17:00:08",34.704,10.875,51.575
"Thu","31 Jan 2019 18:00:07",34.704,11.062,51.9116
"Thu","31 Jan 2019 19:00:08",34.166,10.75,51.35
"Thu","31 Jan 2019 20:00:07",34.166,11.125,52.025
"Thu","31 Jan 2019 21:00:07",34.704,11.25,52.25
"Thu","31 Jan 2019 22:00:08",34.166,11.125,52.025
"Thu","31 Jan 2019 23:00:07",34.166,11.312,52.3616
"Fri","01 Feb 2019 00:00:07",33.628,11.25,52.25
"Fri","01 Feb 2019 01:00:07",34.704,11.5,52.7
"Fri","01 Feb 2019 02:00:07",33.09,11.187,52.1366
"Fri","01 Feb 2019 03:00:07",34.166,11.562,52.8116
"Fri","01 Feb 2019 04:00:07",34.166,11.562,52.8116
"Fri","01 Feb 2019 05:00:08",33.628,11.562,52.8116
"Fri","01 Feb 2019 06:00:08",34.704,11.812,53.2616
"Fri","01 Feb 2019 07:00:12",34.166,11.687,53.0366
"Fri","01 Feb 2019 08:00:08",34.166,11.875,53.375
"Fri","01 Feb 2019 09:00:07",33.628,12,53.6
"Fri","01 Feb 2019 10:00:08",33.628,12.062,53.7116
"Fri","01 Feb 2019 11:00:07",33.628,12.125,53.825
"Fri","01 Feb 2019 12:00:07",34.704,12.5,54.5
"Fri","01 Feb 2019 13:00:07",33.628,12.5,54.5
"Fri","01 Feb 2019 14:00:07",33.628,12.625,54.725
"Fri","01 Feb 2019 15:00:08",35.242,13.187,55.7366
"Fri","01 Feb 2019 16:00:07",34.704,13.25,55.85
"Fri","01 Feb 2019 17:00:08",34.704,13.375,56.075
"Fri","01 Feb 2019 18:00:08",34.704,13.625,56.525
"Fri","01 Feb 2019 19:00:07",34.166,13.375,56.075
"Fri","01 Feb 2019 20:00:07",34.166,13.562,56.4116
"Fri","01 Feb 2019 21:00:08",33.628,13.375,56.075
"Fri","01 Feb 2019 22:00:08",33.628,14.437,57.9866
"Fri","01 Feb 2019 23:00:08",33.628,14.062,57.3116
"Sat","02 Feb 2019 00:00:08",32.552,13.5,56.3
"Sat","02 Feb 2019 01:00:07",31.476,13.125,55.625
"Sat","02 Feb 2019 02:00:09",34.166,13.687,56.6366
"Sat","02 Feb 2019 03:00:07",32.014,13.375,56.075
"Sat","02 Feb 2019 04:00:07",32.552,13.312,55.9616
"Sat","02 Feb 2019 05:00:07",33.09,13.812,56.8616
"Sat","02 Feb 2019 06:00:07",33.09,14.312,57.7616
"Sat","02 Feb 2019 07:00:08",34.704,14.937,58.8866
"Sat","02 Feb 2019 08:00:07",34.704,14.812,58.6616
"Sat","02 Feb 2019 09:00:07",33.628,14.75,58.55
"Sat","02 Feb 2019 10:00:07",34.704,15.312,59.5616
"Sat","02 Feb 2019 11:00:07",35.78,15.375,59.675
"Sat","02 Feb 2019 12:00:07",34.704,15.375,59.675
"Sat","02 Feb 2019 13:00:07",34.166,15.75,60.35
"Sat","02 Feb 2019 14:00:07",34.166,15.625,60.125
"Sat","02 Feb 2019 15:00:07",33.628,16.062,60.9116
"Sat","02 Feb 2019 16:00:07",34.704,16.687,62.0366
"Sat","02 Feb 2019 17:00:07",34.704,16.875,62.375
"Sat","02 Feb 2019 18:00:07",34.166,16.562,61.8116
"Sat","02 Feb 2019 19:00:07",33.628,16.687,62.0366
"Sat","02 Feb 2019 20:00:07",34.704,16.937,62.4866
"Sat","02 Feb 2019 21:00:07",34.704,17.25,63.05
"Sat","02 Feb 2019 22:00:11",34.704,17.25,63.05
"Sat","02 Feb 2019 23:00:07",33.628,16.875,62.375
"Sun","03 Feb 2019 00:00:07",33.628,16.562,61.8116
"Sun","03 Feb 2019 01:00:07",33.09,16.312,61.3616
"Sun","03 Feb 2019 02:00:07",32.552,16,60.8
"Sun","03 Feb 2019 03:00:07",32.552,16.375,61.475
"Sun","03 Feb 2019 04:00:08",33.628,16.625,61.925
"Sun","03 Feb 2019 05:00:09",34.704,16.312,61.3616
"Sun","03 Feb 2019 06:00:07",33.628,16.625,61.925
"Sun","03 Feb 2019 07:00:07",35.78,17,62.6
"Sun","03 Feb 2019 08:00:07",35.78,17.5,63.5
"Sun","03 Feb 2019 09:00:08",34.704,17.375,63.275
"Sun","03 Feb 2019 10:00:07",34.704,17.062,62.7116
"Sun","03 Feb 2019 11:00:07",34.166,17.25,63.05
"Sun","03 Feb 2019 12:00:08",34.704,17.5,63.5
"Sun","03 Feb 2019 13:00:08",35.78,17.625,63.725
"Sun","03 Feb 2019 14:00:07",34.704,17.375,63.275
"Sun","03 Feb 2019 15:00:07",34.704,17.125,62.825
"Sun","03 Feb 2019 16:00:07",34.704,16.937,62.4866
"Sun","03 Feb 2019 17:00:08",33.628,16.5,61.7
"Sun","03 Feb 2019 18:00:08",33.628,16.187,61.1366
"Sun","03 Feb 2019 19:00:07",34.704,16.75,62.15
"Sun","03 Feb 2019 20:00:07",34.704,16.812,62.2616
"Sun","03 Feb 2019 21:00:07",35.242,16.812,62.2616
"Sun","03 Feb 2019 22:00:07",34.166,16.75,62.15
"Sun","03 Feb 2019 23:00:07",33.628,16.312,61.3616
"Mon","04 Feb 2019 00:00:07",32.552,15.875,60.575
"Mon","04 Feb 2019 01:00:07",32.552,15.812,60.4616
"Mon","04 Feb 2019 02:00:07",33.628,16.25,61.25
"Mon","04 Feb 2019 03:00:07",33.628,16,60.8
"Mon","04 Feb 2019 04:00:07",32.552,15.875,60.575
"Mon","04 Feb 2019 05:00:08",32.552,15.75,60.35
"Mon","04 Feb 2019 06:00:07",34.166,16.437,61.5866
"Mon","04 Feb 2019 07:00:07",35.242,16.687,62.0366
"Mon","04 Feb 2019 08:00:07",34.704,16.562,61.8116
"Mon","04 Feb 2019 09:00:08",34.166,16.187,61.1366
"Mon","04 Feb 2019 10:00:07",34.166,15.75,60.35
"Mon","04 Feb 2019 11:00:08",34.704,15.75,60.35
"Mon","04 Feb 2019 12:00:08",33.628,15.687,60.2366
"Mon","04 Feb 2019 13:00:08",33.628,15.437,59.7866
"Mon","04 Feb 2019 14:00:07",31.476,14.437,57.9866
"Mon","04 Feb 2019 15:00:08",33.628,13.812,56.8616
"Mon","04 Feb 2019 16:00:08",32.552,13.937,57.0866
"Mon","04 Feb 2019 17:00:07",31.476,13.25,55.85
"Mon","04 Feb 2019 18:00:07",33.628,13.875,56.975
"Mon","04 Feb 2019 19:00:07",35.242,14.312,57.7616
"Mon","04 Feb 2019 20:00:08",35.242,14.687,58.4366
"Mon","04 Feb 2019 21:00:07",33.628,15.062,59.1116
"Mon","04 Feb 2019 22:00:07",34.166,13.75,56.75
"Mon","04 Feb 2019 23:00:08",34.166,14.062,57.3116
"Tue","05 Feb 2019 00:00:08",32.552,13.875,56.975
"Tue","05 Feb 2019 01:00:08",32.014,13.562,56.4116
"Tue","05 Feb 2019 02:00:07",32.552,12.5,54.5
"Tue","05 Feb 2019 03:00:08",32.552,12.562,54.6116
"Tue","05 Feb 2019 04:00:07",32.552,12.25,54.05
"Tue","05 Feb 2019 05:00:07",32.552,12.25,54.05
"Tue","05 Feb 2019 06:00:07",34.166,12.75,54.95
"Tue","05 Feb 2019 07:00:08",34.704,13.125,55.625
"Tue","05 Feb 2019 08:00:07",34.166,13.125,55.625
"Tue","05 Feb 2019 09:00:08",34.166,13.25,55.85
"Tue","05 Feb 2019 10:00:07",33.628,13.062,55.5116
"Tue","05 Feb 2019 11:00:07",33.628,13.437,56.1866
"Tue","05 Feb 2019 12:00:07",34.166,13.312,55.9616
"Tue","05 Feb 2019 13:00:08",34.166,13.437,56.1866
"Tue","05 Feb 2019 14:00:08",34.166,13.5,56.3
"Tue","05 Feb 2019 15:00:07",33.628,13.375,56.075
"Tue","05 Feb 2019 16:00:07",34.704,13.937,57.0866
"Tue","05 Feb 2019 17:00:07",34.166,13.437,56.1866
"Tue","05 Feb 2019 18:00:07",34.166,13.75,56.75
"Tue","05 Feb 2019 19:00:07",35.242,13.875,56.975
"Tue","05 Feb 2019 20:00:07",35.242,13.937,57.0866
"Tue","05 Feb 2019 21:00:07",34.166,14.062,57.3116
"Tue","05 Feb 2019 22:00:08",34.166,14.187,57.5366
"Tue","05 Feb 2019 23:00:07",33.628,14.25,57.65
"Wed","06 Feb 2019 00:00:07",32.014,13.437,56.1866
"Wed","06 Feb 2019 01:00:07",32.552,12.937,55.2866
"Wed","06 Feb 2019 02:00:07",33.09,13,55.4
"Wed","06 Feb 2019 03:00:07",32.552,12.937,55.2866
"Wed","06 Feb 2019 04:00:07",33.628,13,55.4
"Wed","06 Feb 2019 05:00:07",33.628,12.937,55.2866
"Wed","06 Feb 2019 06:00:07",33.628,13.125,55.625
"Wed","06 Feb 2019 07:00:08",34.704,13.812,56.8616
"Wed","06 Feb 2019 08:00:08",35.78,13.875,56.975
"Wed","06 Feb 2019 09:00:08",35.78,13.937,57.0866
"Wed","06 Feb 2019 10:00:08",36.318,14.187,57.5366
"Wed","06 Feb 2019 11:00:07",36.318,14.687,58.4366
"Wed","06 Feb 2019 12:00:08",34.704,14.437,57.9866
"Wed","06 Feb 2019 13:00:08",35.78,14.75,58.55
"Wed","06 Feb 2019 14:00:07",35.242,14.687,58.4366
"Wed","06 Feb 2019 15:00:08",35.78,14.437,57.9866
"Wed","06 Feb 2019 16:00:07",36.318,15.25,59.45
"Wed","06 Feb 2019 17:00:08",35.78,14.812,58.6616
"Wed","06 Feb 2019 18:00:07",33.628,14.125,57.425
"Wed","06 Feb 2019 19:00:07",34.166,14.437,57.9866
"Wed","06 Feb 2019 20:00:07",35.242,14.75,58.55
"Wed","06 Feb 2019 21:00:07",34.704,14.562,58.2116
"Wed","06 Feb 2019 22:00:07",34.704,15.062,59.1116
"Wed","06 Feb 2019 23:00:08",34.704,15.25,59.45
"Thu","07 Feb 2019 00:00:07",33.628,14.75,58.55
"Thu","07 Feb 2019 01:00:07",32.552,14.187,57.5366
"Thu","07 Feb 2019 02:00:08",32.552,13.625,56.525
"Thu","07 Feb 2019 03:00:07",32.552,13.062,55.5116
"Thu","07 Feb 2019 04:00:07",33.09,13.187,55.7366
"Thu","07 Feb 2019 05:00:08",33.628,13.187,55.7366
"Thu","07 Feb 2019 06:00:07",34.166,13.875,56.975
"Thu","07 Feb 2019 07:00:07",35.78,14.312,57.7616
"Thu","07 Feb 2019 08:00:07",34.704,14.625,58.325
"Thu","07 Feb 2019 09:00:07",33.628,14.375,57.875
"Thu","07 Feb 2019 10:00:07",34.704,14.5,58.1
"Thu","07 Feb 2019 11:00:07",34.704,14.25,57.65
"Thu","07 Feb 2019 12:00:07",34.166,14.375,57.875
"Thu","07 Feb 2019 13:00:08",34.704,14.437,57.9866
"Thu","07 Feb 2019 14:00:07",33.628,14.125,57.425
"Thu","07 Feb 2019 15:00:08",34.704,14.437,57.9866
"Thu","07 Feb 2019 16:00:07",34.704,14.375,57.875
"Thu","07 Feb 2019 17:00:08",33.628,14.5,58.1
"Thu","07 Feb 2019 18:00:07",34.704,14.062,57.3116
"Thu","07 Feb 2019 19:00:07",33.628,13.937,57.0866
"Thu","07 Feb 2019 20:00:07",35.242,14.312,57.7616
"Thu","07 Feb 2019 21:00:07",34.704,14.812,58.6616
"Thu","07 Feb 2019 22:00:07",34.166,14.375,57.875
"Thu","07 Feb 2019 23:00:07",32.552,13.25,55.85
"Fri","08 Feb 2019 00:00:07",31.476,11.875,53.375
"Fri","08 Feb 2019 01:00:07",32.014,11.062,51.9116
"Fri","08 Feb 2019 02:00:07",32.552,10.75,51.35
"Fri","08 Feb 2019 03:00:07",32.014,10.687,51.2366
"Fri","08 Feb 2019 04:00:07",32.014,10.187,50.3366
"Fri","08 Feb 2019 05:00:08",32.552,10.25,50.45
"Fri","08 Feb 2019 06:00:07",34.166,11.125,52.025
"Fri","08 Feb 2019 07:00:07",33.628,11.062,51.9116
"Fri","08 Feb 2019 08:00:07",33.628,11,51.8
"Fri","08 Feb 2019 09:00:07",33.628,10.75,51.35
"Fri","08 Feb 2019 10:00:08",34.166,10.687,51.2366
"Fri","08 Feb 2019 11:00:07",33.628,10.687,51.2366
"Fri","08 Feb 2019 12:00:07",33.628,11,51.8
"Fri","08 Feb 2019 13:00:07",34.166,11.25,52.25
"Fri","08 Feb 2019 14:00:07",33.09,11.187,52.1366
"Fri","08 Feb 2019 15:00:08",34.704,11.687,53.0366
"Fri","08 Feb 2019 16:00:07",34.166,11.687,53.0366
"Fri","08 Feb 2019 17:00:08",34.166,11.812,53.2616
"Fri","08 Feb 2019 18:00:07",34.166,11.75,53.15
"Fri","08 Feb 2019 19:00:07",34.166,11.875,53.375
"Fri","08 Feb 2019 20:00:07",34.704,12,53.6
"Fri","08 Feb 2019 21:00:07",34.704,11.687,53.0366
"Fri","08 Feb 2019 22:00:07",34.166,11.5,52.7
"Fri","08 Feb 2019 23:00:08",33.628,11.062,51.9116
"Sat","09 Feb 2019 00:00:08",33.628,10.625,51.125
"Sat","09 Feb 2019 01:00:08",31.476,10.062,50.1116
"Sat","09 Feb 2019 02:00:07",32.014,9.937,49.8866
"Sat","09 Feb 2019 03:00:07",33.09,9.5,49.1
"Sat","09 Feb 2019 04:00:08",32.552,9.875,49.775
"Sat","09 Feb 2019 05:00:07",32.552,10,50
"Sat","09 Feb 2019 06:00:08",33.628,10.5,50.9
"Sat","09 Feb 2019 07:00:07",34.704,10.812,51.4616
"Sat","09 Feb 2019 08:00:07",33.628,10.625,51.125
"Sat","09 Feb 2019 09:00:08",34.704,10.937,51.6866
"Sat","09 Feb 2019 10:00:08",33.628,10.75,51.35
"Sat","09 Feb 2019 11:00:07",34.166,11,51.8
"Sat","09 Feb 2019 12:00:07",33.628,10.812,51.4616
"Sat","09 Feb 2019 13:00:08",33.628,10.937,51.6866
"Sat","09 Feb 2019 14:00:08",33.628,11.187,52.1366
"Sat","09 Feb 2019 15:00:07",33.628,11.437,52.5866
"Sat","09 Feb 2019 16:00:07",33.628,11.75,53.15
"Sat","09 Feb 2019 17:00:08",34.704,11.875,53.375
"Sat","09 Feb 2019 18:00:07",35.242,12.375,54.275
"Sat","09 Feb 2019 19:00:08",33.628,12.25,54.05
"Sat","09 Feb 2019 20:00:07",34.704,12.5,54.5
"Sat","09 Feb 2019 21:00:07",34.166,12.375,54.275
"Sat","09 Feb 2019 22:00:07",34.166,12.562,54.6116
"Sat","09 Feb 2019 23:00:07",34.166,12.5,54.5
"Sun","10 Feb 2019 00:00:07",32.552,12,53.6
"Sun","10 Feb 2019 01:00:07",33.628,11.875,53.375
"Sun","10 Feb 2019 02:00:07",33.628,12,53.6
"Sun","10 Feb 2019 03:00:07",32.552,11.75,53.15
"Sun","10 Feb 2019 04:00:07",33.628,11.937,53.4866
"Sun","10 Feb 2019 05:00:08",33.09,11.812,53.2616
"Sun","10 Feb 2019 06:00:07",34.166,12.062,53.7116
"Sun","10 Feb 2019 07:00:07",34.704,12.562,54.6116
"Sun","10 Feb 2019 08:00:07",34.704,12.625,54.725
"Sun","10 Feb 2019 09:00:07",34.166,12.625,54.725
"Sun","10 Feb 2019 10:00:07",34.704,12.937,55.2866
"Sun","10 Feb 2019 11:00:07",33.628,12.812,55.0616
"Sun","10 Feb 2019 12:00:07",34.704,13.062,55.5116
"Sun","10 Feb 2019 13:00:07",34.704,13.375,56.075
"Sun","10 Feb 2019 14:00:08",34.166,14.062,57.3116
"Sun","10 Feb 2019 15:00:08",33.628,13.625,56.525
"Sun","10 Feb 2019 16:00:09",36.318,13.812,56.8616
"Sun","10 Feb 2019 17:00:08",33.628,13.562,56.4116
"Sun","10 Feb 2019 18:00:07",35.242,13.75,56.75
"Sun","10 Feb 2019 19:00:07",35.78,13.812,56.8616
"Sun","10 Feb 2019 20:00:08",34.704,13.812,56.8616
"Sun","10 Feb 2019 21:00:07",35.78,13.937,57.0866
"Sun","10 Feb 2019 22:00:08",34.166,13.812,56.8616
"Sun","10 Feb 2019 23:00:07",34.166,13.687,56.6366
"Mon","11 Feb 2019 00:00:07",33.628,13.25,55.85
"Mon","11 Feb 2019 01:00:08",33.09,13.187,55.7366
"Mon","11 Feb 2019 02:00:08",33.628,13.125,55.625
"Mon","11 Feb 2019 03:00:07",33.09,13.125,55.625
"Mon","11 Feb 2019 04:00:07",33.628,13.187,55.7366
"Mon","11 Feb 2019 05:00:08",33.628,13.187,55.7366
"Mon","11 Feb 2019 06:00:08",34.704,13.562,56.4116
"Mon","11 Feb 2019 07:00:12",36.318,14,57.2
"Mon","11 Feb 2019 08:00:07",35.242,14.25,57.65
"Mon","11 Feb 2019 09:00:07",34.166,14.125,57.425
"Mon","11 Feb 2019 10:00:08",34.704,14.312,57.7616
"Mon","11 Feb 2019 11:00:07",34.704,14.125,57.425
"Mon","11 Feb 2019 12:00:07",34.166,14.187,57.5366
"Mon","11 Feb 2019 13:00:07",34.166,14.062,57.3116
"Mon","11 Feb 2019 14:00:07",33.09,13.812,56.8616
"Mon","11 Feb 2019 15:00:07",33.628,13.625,56.525
"Mon","11 Feb 2019 16:00:07",33.09,13.687,56.6366
"Mon","11 Feb 2019 17:00:07",34.704,14.187,57.5366
"Mon","11 Feb 2019 18:00:07",35.242,14.375,57.875
"Mon","11 Feb 2019 19:00:07",34.704,14.562,58.2116
"Mon","11 Feb 2019 20:00:07",35.78,15.125,59.225
"Mon","11 Feb 2019 21:00:08",35.78,15.25,59.45
"Mon","11 Feb 2019 22:00:07",35.242,15.187,59.3366
"Mon","11 Feb 2019 23:00:07",33.628,15,59
"Tue","12 Feb 2019 00:00:08",33.628,14.437,57.9866
"Tue","12 Feb 2019 01:00:07",33.628,14.187,57.5366
"Tue","12 Feb 2019 02:00:07",33.628,14,57.2
"Tue","12 Feb 2019 03:00:07",33.628,14,57.2
"Tue","12 Feb 2019 04:00:07",33.628,13.937,57.0866
"Tue","12 Feb 2019 05:00:07",33.628,14,57.2
"Tue","12 Feb 2019 06:00:08",34.166,14,57.2
"Tue","12 Feb 2019 07:00:08",34.704,14.437,57.9866
"Tue","12 Feb 2019 08:00:08",35.242,14.625,58.325
"Tue","12 Feb 2019 09:00:07",34.704,14.625,58.325
"Tue","12 Feb 2019 10:00:07",35.78,15,59
"Tue","12 Feb 2019 11:00:08",35.78,15,59
"Tue","12 Feb 2019 12:00:08",35.78,14.687,58.4366
"Tue","12 Feb 2019 13:00:08",35.78,14.75,58.55
"Tue","12 Feb 2019 14:00:07",35.242,14.687,58.4366
"Tue","12 Feb 2019 15:00:08",34.704,14.687,58.4366
"Tue","12 Feb 2019 16:00:07",35.78,14.687,58.4366
"Tue","12 Feb 2019 17:00:08",35.78,14.625,58.325
"Tue","12 Feb 2019 18:00:08",36.856,14.687,58.4366
"Tue","12 Feb 2019 19:00:08",35.78,14.687,58.4366
"Tue","12 Feb 2019 20:00:07",36.318,15,59
"Tue","12 Feb 2019 21:00:08",36.856,15.187,59.3366
"Tue","12 Feb 2019 22:00:08",35.242,14.5,58.1
"Tue","12 Feb 2019 23:00:07",34.166,13.812,56.8616
"Wed","13 Feb 2019 00:00:07",32.552,13.062,55.5116
"Wed","13 Feb 2019 01:00:07",33.628,13,55.4
"Wed","13 Feb 2019 02:00:07",33.628,12.875,55.175
"Wed","13 Feb 2019 03:00:08",33.628,12.625,54.725
"Wed","13 Feb 2019 04:00:08",33.628,12.562,54.6116
"Wed","13 Feb 2019 05:00:07",34.166,12.5,54.5
"Wed","13 Feb 2019 06:00:08",34.704,12.937,55.2866
"Wed","13 Feb 2019 07:00:07",34.704,12.625,54.725
"Wed","13 Feb 2019 08:00:08",34.704,12.75,54.95
"Wed","13 Feb 2019 09:00:07",35.78,13,55.4
"Wed","13 Feb 2019 10:00:08",36.856,13.312,55.9616
"Wed","13 Feb 2019 11:00:07",36.318,13.312,55.9616
"Wed","13 Feb 2019 12:00:08",35.242,13.187,55.7366
"Wed","13 Feb 2019 13:00:07",35.78,13.312,55.9616
"Wed","13 Feb 2019 14:00:07",35.78,13.5,56.3
"Wed","13 Feb 2019 15:00:07",35.242,13.625,56.525
"Wed","13 Feb 2019 16:00:07",35.78,13.812,56.8616
"Wed","13 Feb 2019 17:00:07",34.704,13.75,56.75
"Wed","13 Feb 2019 18:00:07",34.704,13.937,57.0866
"Wed","13 Feb 2019 19:00:08",35.242,13.812,56.8616
"Wed","13 Feb 2019 20:00:08",35.78,14.062,57.3116
"Wed","13 Feb 2019 21:00:08",35.78,14.437,57.9866
"Wed","13 Feb 2019 22:00:07",35.242,14.375,57.875
"Wed","13 Feb 2019 23:00:07",35.242,14.062,57.3116
"Thu","14 Feb 2019 00:00:07",34.166,13.687,56.6366
"Thu","14 Feb 2019 01:00:07",33.628,13.062,55.5116
"Thu","14 Feb 2019 02:00:08",33.628,13,55.4
"Thu","14 Feb 2019 03:00:08",33.09,12.937,55.2866
"Thu","14 Feb 2019 04:00:08",32.552,12.875,55.175
"Thu","14 Feb 2019 05:00:07",33.628,12.875,55.175
"Thu","14 Feb 2019 06:00:07",34.166,13,55.4
"Thu","14 Feb 2019 07:00:07",35.78,13.75,56.75
"Thu","14 Feb 2019 08:00:08",35.78,14.062,57.3116
"Thu","14 Feb 2019 09:00:07",35.242,14.062,57.3116
"Thu","14 Feb 2019 10:00:08",34.704,14.25,57.65
"Thu","14 Feb 2019 11:00:07",34.704,14.375,57.875
"Thu","14 Feb 2019 12:00:07",34.704,14.375,57.875
"Thu","14 Feb 2019 13:00:08",34.704,14.5,58.1
"Thu","14 Feb 2019 14:00:07",33.628,14,57.2
"Thu","14 Feb 2019 15:00:07",32.552,13.75,56.75
"Thu","14 Feb 2019 16:00:07",34.166,13.375,56.075
"Thu","14 Feb 2019 17:00:08",34.704,13.687,56.6366
"Thu","14 Feb 2019 18:00:08",34.704,13.5,56.3
"Thu","14 Feb 2019 19:00:08",35.242,13.5,56.3
"Thu","14 Feb 2019 20:00:07",34.704,13.625,56.525
"Thu","14 Feb 2019 21:00:07",34.166,13.687,56.6366
"Thu","14 Feb 2019 22:00:07",34.166,12.875,55.175
"Thu","14 Feb 2019 23:00:07",33.628,12.125,53.825
"Fri","15 Feb 2019 00:00:08",32.552,10.812,51.4616
"Fri","15 Feb 2019 01:00:07",33.09,10.937,51.6866
"Fri","15 Feb 2019 02:00:07",32.552,10.562,51.0116
"Fri","15 Feb 2019 03:00:07",33.09,10.562,51.0116
"Fri","15 Feb 2019 04:00:07",32.014,10.125,50.225
"Fri","15 Feb 2019 05:00:07",33.628,10.312,50.5616
"Fri","15 Feb 2019 06:00:08",34.704,10.875,51.575
"Fri","15 Feb 2019 07:00:08",34.166,10.937,51.6866
"Fri","15 Feb 2019 08:00:08",34.166,10.75,51.35
"Fri","15 Feb 2019 09:00:07",34.166,10.75,51.35
"Fri","15 Feb 2019 10:00:08",34.704,11,51.8
"Fri","15 Feb 2019 11:00:07",34.166,11.187,52.1366
"Fri","15 Feb 2019 12:00:08",34.704,11.5,52.7
"Fri","15 Feb 2019 13:00:08",34.166,11.687,53.0366
"Fri","15 Feb 2019 14:00:08",34.704,11.875,53.375
"Fri","15 Feb 2019 15:00:07",34.704,12.125,53.825
"Fri","15 Feb 2019 16:00:07",35.242,12.625,54.725
"Fri","15 Feb 2019 17:00:08",34.704,12.875,55.175
"Fri","15 Feb 2019 18:00:08",34.704,12.937,55.2866
"Fri","15 Feb 2019 19:00:08",35.242,12.937,55.2866
"Fri","15 Feb 2019 20:00:08",35.78,13.25,55.85
"Fri","15 Feb 2019 21:00:07",34.704,13.125,55.625
"Fri","15 Feb 2019 22:00:08",35.78,13.125,55.625
"Fri","15 Feb 2019 23:00:07",34.704,20.125,68.225
"Sat","16 Feb 2019 00:00:07",34.166,18.875,65.975
"Sat","16 Feb 2019 01:00:07",32.552,18,64.4
"Sat","16 Feb 2019 02:00:08",32.552,17.937,64.2866
"Sat","16 Feb 2019 03:00:07",33.628,18.125,64.625
"Sat","16 Feb 2019 04:00:07",33.09,17.875,64.175
"Sat","16 Feb 2019 05:00:07",33.09,17.812,64.0616
"Sat","16 Feb 2019 06:00:07",34.704,19.5,67.1
"Sat","16 Feb 2019 07:00:07",34.704,19.937,67.8866
"Sat","16 Feb 2019 08:00:08",34.704,20.062,68.1116
"Sat","16 Feb 2019 09:00:08",34.704,20.125,68.225
"Sat","16 Feb 2019 10:00:07",34.704,19.75,67.55
"Sat","16 Feb 2019 11:00:07",34.704,19.812,67.6616
"Sat","16 Feb 2019 12:00:08",34.166,19.187,66.5366
"Sat","16 Feb 2019 13:00:08",35.242,19.25,66.65
"Sat","16 Feb 2019 14:00:07",33.628,19.312,66.7616
"Sat","16 Feb 2019 15:00:07",33.628,19.125,66.425
"Sat","16 Feb 2019 16:00:08",35.242,19.937,67.8866
"Sat","16 Feb 2019 17:00:07",35.242,20.125,68.225
"Sat","16 Feb 2019 18:00:07",34.704,19.875,67.775
"Sat","16 Feb 2019 19:00:08",36.318,20.062,68.1116
"Sat","16 Feb 2019 20:00:07",34.704,20.125,68.225
"Sat","16 Feb 2019 21:00:07",34.704,19.812,67.6616
"Sat","16 Feb 2019 22:00:07",34.704,19.625,67.325
"Sat","16 Feb 2019 23:00:08",34.166,19.562,67.2116
"Sun","17 Feb 2019 00:00:07",33.628,18.812,65.8616
"Sun","17 Feb 2019 01:00:07",34.166,18.937,66.0866
"Sun","17 Feb 2019 02:00:07",33.628,18.5,65.3
"Sun","17 Feb 2019 03:00:08",33.09,17.812,64.0616
"Sun","17 Feb 2019 04:00:07",33.628,18.437,65.1866
"Sun","17 Feb 2019 05:00:07",33.628,18.187,64.7366
"Sun","17 Feb 2019 06:00:08",33.628,18.25,64.85
"Sun","17 Feb 2019 07:00:07",34.166,19.187,66.5366
"Sun","17 Feb 2019 08:00:07",35.78,20.75,69.35
"Sun","17 Feb 2019 09:00:07",35.242,20.375,68.675
"Sun","17 Feb 2019 10:00:08",34.704,20.125,68.225
"Sun","17 Feb 2019 11:00:07",35.78,21.5,70.7
"Sun","17 Feb 2019 12:00:08",34.704,21.187,70.1366
"Sun","17 Feb 2019 13:00:07",34.704,21.5,70.7
"Sun","17 Feb 2019 14:00:07",34.704,20.937,69.6866
"Sun","17 Feb 2019 15:00:08",33.628,19.312,66.7616
"Sun","17 Feb 2019 16:00:07",34.704,19.812,67.6616
"Sun","17 Feb 2019 17:00:08",35.242,20.875,69.575
"Sun","17 Feb 2019 18:00:12",35.242,20.25,68.45
"Sun","17 Feb 2019 19:00:07",34.704,19.937,67.8866
"Sun","17 Feb 2019 20:00:07",34.704,19.687,67.4366
"Sun","17 Feb 2019 21:00:07",33.628,18.812,65.8616
"Sun","17 Feb 2019 22:00:07",33.628,18.437,65.1866
"Sun","17 Feb 2019 23:00:08",34.166,19.312,66.7616
"Mon","18 Feb 2019 00:00:07",33.628,18.812,65.8616
"Mon","18 Feb 2019 01:00:08",34.166,18.812,65.8616
"Mon","18 Feb 2019 02:00:08",33.628,18.5,65.3
"Mon","18 Feb 2019 03:00:07",33.628,18.562,65.4116
"Mon","18 Feb 2019 04:00:08",33.628,18.5,65.3
"Mon","18 Feb 2019 05:00:08",33.628,18.687,65.6366
"Mon","18 Feb 2019 06:00:07",34.166,19.25,66.65
"Mon","18 Feb 2019 07:00:07",35.242,20.625,69.125
"Mon","18 Feb 2019 08:00:07",34.704,20.062,68.1116
"Mon","18 Feb 2019 09:00:08",34.704,19.75,67.55
"Mon","18 Feb 2019 10:00:07",34.704,19.625,67.325
"Mon","18 Feb 2019 11:00:07",34.166,19.312,66.7616
"Mon","18 Feb 2019 12:00:07",34.704,19.812,67.6616
"Mon","18 Feb 2019 13:00:08",34.166,19.5,67.1
"Mon","18 Feb 2019 14:00:08",35.242,19.875,67.775
"Mon","18 Feb 2019 15:00:08",34.704,19.562,67.2116
"Mon","18 Feb 2019 16:00:07",34.704,20.125,68.225
"Mon","18 Feb 2019 17:00:07",34.704,19.875,67.775
"Mon","18 Feb 2019 18:00:07",35.78,20.437,68.7866
"Mon","18 Feb 2019 19:00:07",34.704,20.062,68.1116
"Mon","18 Feb 2019 20:00:07",35.78,20.625,69.125
"Mon","18 Feb 2019 21:00:08",35.242,20.25,68.45
"Mon","18 Feb 2019 22:00:07",35.78,20.812,69.4616
"Mon","18 Feb 2019 23:00:07",34.704,20.062,68.1116
"Tue","19 Feb 2019 00:00:08",33.628,18.937,66.0866
"Tue","19 Feb 2019 01:00:08",33.628,18.375,65.075
"Tue","19 Feb 2019 02:00:07",33.628,18.125,64.625
"Tue","19 Feb 2019 03:00:07",33.628,18.437,65.1866
"Tue","19 Feb 2019 04:00:07",33.628,18.5,65.3
"Tue","19 Feb 2019 05:00:07",33.628,18.5,65.3
"Tue","19 Feb 2019 06:00:07",35.242,20,68
"Tue","19 Feb 2019 07:00:08",34.704,19.812,67.6616
"Tue","19 Feb 2019 08:00:08",34.704,20.187,68.3366
"Tue","19 Feb 2019 09:00:07",34.704,19.5,67.1
"Tue","19 Feb 2019 10:00:07",34.704,19.312,66.7616
"Tue","19 Feb 2019 11:00:07",34.704,19.437,66.9866
"Tue","19 Feb 2019 12:00:07",34.704,19.687,67.4366
"Tue","19 Feb 2019 13:00:07",34.704,19.812,67.6616
"Tue","19 Feb 2019 14:00:08",34.704,19.812,67.6616
"Tue","19 Feb 2019 15:00:07",35.242,20.062,68.1116
"Tue","19 Feb 2019 16:00:07",34.704,20.125,68.225
"Tue","19 Feb 2019 17:00:07",34.704,20.187,68.3366
"Tue","19 Feb 2019 18:00:08",34.704,20,68
"Tue","19 Feb 2019 19:00:08",35.78,20.937,69.6866
"Tue","19 Feb 2019 20:00:07",36.318,22.5,72.5
"Tue","19 Feb 2019 21:00:07",35.78,21.937,71.4866
"Tue","19 Feb 2019 22:00:08",35.78,20.375,68.675
"Tue","19 Feb 2019 23:00:11",35.78,19.687,67.4366
"Wed","20 Feb 2019 00:00:08",34.166,18.75,65.75
"Wed","20 Feb 2019 01:00:08",33.628,18.312,64.9616
"Wed","20 Feb 2019 02:00:07",33.628,18.187,64.7366
"Wed","20 Feb 2019 03:00:08",34.166,18.562,65.4116
"Wed","20 Feb 2019 04:00:08",33.09,18.625,65.525
"Wed","20 Feb 2019 05:00:08",33.628,18.5,65.3
"Wed","20 Feb 2019 06:00:07",34.166,19.437,66.9866
"Wed","20 Feb 2019 07:00:11",36.856,20.937,69.6866
"Wed","20 Feb 2019 08:00:07",35.78,21.812,71.2616
"Wed","20 Feb 2019 09:00:07",35.242,21.625,70.925
"Wed","20 Feb 2019 10:00:08",35.78,22.125,71.825
"Wed","20 Feb 2019 11:00:07",34.704,21.5,70.7
"Wed","20 Feb 2019 12:00:07",35.78,21.75,71.15
"Wed","20 Feb 2019 13:00:07",34.704,21.375,70.475
"Wed","20 Feb 2019 14:00:07",35.78,22.25,72.05
"Wed","20 Feb 2019 15:00:08",34.704,22.062,71.7116
"Wed","20 Feb 2019 16:00:07",34.704,21.062,69.9116
"Wed","20 Feb 2019 17:00:08",35.78,22,71.6
"Wed","20 Feb 2019 18:00:07",35.242,21.5,70.7
"Wed","20 Feb 2019 19:00:07",35.78,21.937,71.4866
"Wed","20 Feb 2019 20:00:08",36.856,22.75,72.95
"Wed","20 Feb 2019 21:00:07",36.318,22.375,72.275
"Wed","20 Feb 2019 22:00:07",35.78,21.625,70.925
"Wed","20 Feb 2019 23:00:07",35.78,20.875,69.575
"Thu","21 Feb 2019 00:00:07",34.704,19.875,67.775
"Thu","21 Feb 2019 01:00:07",33.628,18.75,65.75
"Thu","21 Feb 2019 02:00:08",32.552,17.687,63.8366
"Thu","21 Feb 2019 03:00:07",33.628,18.125,64.625
"Thu","21 Feb 2019 04:00:08",33.09,18.125,64.625
"Thu","21 Feb 2019 05:00:08",34.166,18.437,65.1866
"Thu","21 Feb 2019 06:00:07",35.78,20.375,68.675
"Thu","21 Feb 2019 07:00:07",35.78,20.687,69.2366
"Thu","21 Feb 2019 08:00:07",34.704,20.125,68.225
"Thu","21 Feb 2019 09:00:08",34.704,20.062,68.1116
"Thu","21 Feb 2019 10:00:07",34.704,19.625,67.325
"Thu","21 Feb 2019 11:00:07",34.166,19.437,66.9866
"Thu","21 Feb 2019 12:00:08",34.704,19.625,67.325
"Thu","21 Feb 2019 13:00:08",33.628,19.187,66.5366
"Thu","21 Feb 2019 14:00:08",33.628,18.5,65.3
"Thu","21 Feb 2019 15:00:08",34.704,18,64.4
"Thu","21 Feb 2019 16:00:07",34.166,19.5,67.1
"Thu","21 Feb 2019 17:00:08",35.78,20.5,68.9
"Thu","21 Feb 2019 18:00:08",34.704,20.187,68.3366
"Thu","21 Feb 2019 19:00:07",35.78,20.25,68.45
"Thu","21 Feb 2019 20:00:07",34.704,20,68
"Thu","21 Feb 2019 21:00:08",35.78,20.375,68.675
"Thu","21 Feb 2019 22:00:07",34.704,19.687,67.4366
"Thu","21 Feb 2019 23:00:08",33.628,19.312,66.7616
"Fri","22 Feb 2019 00:00:08",33.09,18.375,65.075
"Fri","22 Feb 2019 01:00:07",33.628,17.937,64.2866
"Fri","22 Feb 2019 02:00:07",32.552,17.875,64.175
"Fri","22 Feb 2019 03:00:07",33.628,18.187,64.7366
"Fri","22 Feb 2019 04:00:07",33.09,18.062,64.5116
"Fri","22 Feb 2019 05:00:08",33.628,18.187,64.7366
"Fri","22 Feb 2019 06:00:07",33.628,18.812,65.8616
"Fri","22 Feb 2019 07:00:07",35.78,20.5,68.9
"Fri","22 Feb 2019 08:00:07",35.78,20.437,68.7866
"Fri","22 Feb 2019 09:00:07",34.704,19.687,67.4366
"Fri","22 Feb 2019 10:00:08",35.78,20.25,68.45
"Fri","22 Feb 2019 11:00:07",35.242,19.75,67.55
"Fri","22 Feb 2019 12:00:07",34.704,19.562,67.2116
"Fri","22 Feb 2019 13:00:07",34.166,19.125,66.425
"Fri","22 Feb 2019 14:00:07",33.628,18.562,65.4116
"Fri","22 Feb 2019 15:00:07",33.628,18.125,64.625
"Fri","22 Feb 2019 16:00:07",33.628,18.937,66.0866
"Fri","22 Feb 2019 17:00:07",33.628,18.625,65.525
"Fri","22 Feb 2019 18:00:07",33.628,18.687,65.6366
"Fri","22 Feb 2019 19:00:07",33.628,18.625,65.525
"Fri","22 Feb 2019 20:00:07",34.166,18.875,65.975
"Fri","22 Feb 2019 21:00:07",35.242,20.437,68.7866
"Fri","22 Feb 2019 22:00:07",35.78,21.312,70.3616
"Fri","22 Feb 2019 23:00:07",35.78,20.812,69.4616
"Sat","23 Feb 2019 00:00:07",34.704,20.125,68.225
"Sat","23 Feb 2019 01:00:07",34.166,19.375,66.875
"Sat","23 Feb 2019 02:00:08",33.628,18.562,65.4116
"Sat","23 Feb 2019 03:00:08",33.628,18.625,65.525
"Sat","23 Feb 2019 04:00:07",33.628,18.437,65.1866
"Sat","23 Feb 2019 05:00:07",34.166,18.812,65.8616
"Sat","23 Feb 2019 06:00:07",34.166,19,66.2
"Sat","23 Feb 2019 07:00:08",35.78,20.562,69.0116
"Sat","23 Feb 2019 08:00:07",35.78,20.562,69.0116
"Sat","23 Feb 2019 09:00:07",35.78,20.312,68.5616
"Sat","23 Feb 2019 10:00:07",35.242,20.25,68.45
"Sat","23 Feb 2019 11:00:07",34.704,20.437,68.7866
"Sat","23 Feb 2019 12:00:08",35.78,20.25,68.45
"Sat","23 Feb 2019 13:00:08",34.704,19.687,67.4366
"Sat","23 Feb 2019 14:00:07",35.78,20.312,68.5616
"Sat","23 Feb 2019 15:00:08",34.704,20.187,68.3366
"Sat","23 Feb 2019 16:00:08",35.242,20.187,68.3366
"Sat","23 Feb 2019 17:00:07",35.78,21,69.8
"Sat","23 Feb 2019 18:00:07",35.78,20.5,68.9
"Sat","23 Feb 2019 19:00:07",34.704,20.062,68.1116
"Sat","23 Feb 2019 20:00:07",34.704,20.062,68.1116
"Sat","23 Feb 2019 21:00:07",35.78,20.562,69.0116
"Sat","23 Feb 2019 22:00:07",35.78,20.187,68.3366
"Sat","23 Feb 2019 23:00:07",34.704,19.625,67.325
"Sun","24 Feb 2019 00:00:07",34.166,19,66.2
"Sun","24 Feb 2019 01:00:07",33.628,18.875,65.975
"Sun","24 Feb 2019 02:00:07",34.166,18.875,65.975
"Sun","24 Feb 2019 03:00:07",34.166,19.125,66.425
"Sun","24 Feb 2019 04:00:07",34.166,18.937,66.0866
"Sun","24 Feb 2019 05:00:08",33.628,18.875,65.975
"Sun","24 Feb 2019 06:00:07",34.704,19.687,67.4366
"Sun","24 Feb 2019 07:00:07",35.78,20.687,69.2366
"Sun","24 Feb 2019 08:00:08",34.704,20.062,68.1116
"Sun","24 Feb 2019 09:00:07",35.242,20,68
"Sun","24 Feb 2019 10:00:07",34.704,19.625,67.325
"Sun","24 Feb 2019 11:00:07",34.166,19.062,66.3116
"Sun","24 Feb 2019 12:00:07",34.166,19.062,66.3116
"Sun","24 Feb 2019 13:00:07",33.09,19.437,66.9866
"Sun","24 Feb 2019 14:00:08",32.014,18.937,66.0866
"Sun","24 Feb 2019 15:00:07",31.476,18.125,64.625
"Sun","24 Feb 2019 16:00:07",32.014,18.937,66.0866
"Sun","24 Feb 2019 17:00:08",31.476,18.437,65.1866
"Sun","24 Feb 2019 18:00:07",33.09,19.125,66.425
"Sun","24 Feb 2019 19:00:08",34.704,19.687,67.4366
"Sun","24 Feb 2019 20:00:08",34.704,20.25,68.45
"Sun","24 Feb 2019 21:00:08",34.704,19.625,67.325
"Sun","24 Feb 2019 22:00:07",34.704,19.625,67.325
"Sun","24 Feb 2019 23:00:08",34.166,18.625,65.525
"Mon","25 Feb 2019 00:00:07",33.628,18.312,64.9616
"Mon","25 Feb 2019 01:00:07",33.628,18.125,64.625
"Mon","25 Feb 2019 02:00:07",33.628,18.125,64.625
"Mon","25 Feb 2019 03:00:07",33.628,18.937,66.0866
"Mon","25 Feb 2019 04:00:08",33.628,18.125,64.625
"Mon","25 Feb 2019 05:00:08",34.166,18.5,65.3
"Mon","25 Feb 2019 06:00:07",34.704,19.75,67.55
"Mon","25 Feb 2019 07:00:08",34.704,19.312,66.7616
"Mon","25 Feb 2019 08:00:08",34.704,19.875,67.775
"Mon","25 Feb 2019 09:00:07",35.242,19.875,67.775
"Mon","25 Feb 2019 10:00:08",34.166,19.375,66.875
"Mon","25 Feb 2019 11:00:07",34.166,19.125,66.425
"Mon","25 Feb 2019 12:00:07",34.166,18.875,65.975
"Mon","25 Feb 2019 13:00:07",33.09,17.875,64.175
"Mon","25 Feb 2019 14:00:07",33.09,17.75,63.95
"Mon","25 Feb 2019 15:00:07",33.09,17.687,63.8366
"Mon","25 Feb 2019 16:00:07",34.166,19.5,67.1
"Mon","25 Feb 2019 17:00:07",34.704,19.937,67.8866
"Mon","25 Feb 2019 18:00:07",34.704,19.687,67.4366
"Mon","25 Feb 2019 19:00:07",34.704,20,68
"Mon","25 Feb 2019 20:00:07",35.242,20.062,68.1116
"Mon","25 Feb 2019 21:00:07",34.704,20.062,68.1116
"Mon","25 Feb 2019 22:00:08",34.166,19.437,66.9866
"Mon","25 Feb 2019 23:00:07",33.628,18.25,64.85
"Tue","26 Feb 2019 00:00:07",33.628,18.187,64.7366
"Tue","26 Feb 2019 01:00:08",33.628,18.625,65.525
"Tue","26 Feb 2019 02:00:07",33.628,18.25,64.85
"Tue","26 Feb 2019 03:00:07",34.166,18.687,65.6366
"Tue","26 Feb 2019 04:00:07",33.628,18.437,65.1866
"Tue","26 Feb 2019 05:00:08",34.166,18.625,65.525
"Tue","26 Feb 2019 06:00:07",34.704,18.875,65.975
"Tue","26 Feb 2019 07:00:08",35.78,20.187,68.3366
"Tue","26 Feb 2019 08:00:07",35.242,19.937,67.8866
"Tue","26 Feb 2019 09:00:07",35.78,20.125,68.225
"Tue","26 Feb 2019 10:00:08",34.704,19.312,66.7616
"Tue","26 Feb 2019 11:00:08",34.704,19.375,66.875
"Tue","26 Feb 2019 12:00:07",34.704,19.687,67.4366
"Tue","26 Feb 2019 13:00:07",34.166,18.937,66.0866
"Tue","26 Feb 2019 14:00:07",33.628,18.312,64.9616
"Tue","26 Feb 2019 15:00:07",33.628,18.125,64.625
"Tue","26 Feb 2019 16:00:07",34.704,18.75,65.75
"Tue","26 Feb 2019 17:00:07",34.166,18.437,65.1866
"Tue","26 Feb 2019 18:00:07",34.704,19.312,66.7616
"Tue","26 Feb 2019 19:00:07",36.856,21.125,70.025
"Tue","26 Feb 2019 20:00:07",35.78,21.437,70.5866
"Tue","26 Feb 2019 21:00:07",36.856,22.125,71.825
"Tue","26 Feb 2019 22:00:07",35.78,22.062,71.7116
"Tue","26 Feb 2019 23:00:08",35.78,20,68
"Wed","27 Feb 2019 00:00:07",34.166,18.625,65.525
"Wed","27 Feb 2019 01:00:07",34.166,18.437,65.1866
"Wed","27 Feb 2019 02:00:07",33.628,18.375,65.075
"Wed","27 Feb 2019 03:00:07",34.166,18.5,65.3
"Wed","27 Feb 2019 04:00:07",34.166,18.625,65.525
"Wed","27 Feb 2019 05:00:07",34.166,18.375,65.075
"Wed","27 Feb 2019 06:00:07",34.704,19.5,67.1
"Wed","27 Feb 2019 07:00:08",34.704,19.812,67.6616
